A	B
科技	万物研究所
科技	知识
科技	科学科普
科技	人类史
科技	科学史
科技	FOXP2
科技	智人
科技	科技史
科技	工具
科技	原始人
科技	走出非洲
科技	尼安德特人
科技	万物研究所·第九期
万物研究所	生物
万物研究所	科学
万物研究所	科普
万物研究所	知识
万物研究所	科学科普
万物研究所	自然
万物研究所	万物研究所·第十期
万物研究所	鉴定
万物研究所	生物
万物研究所	科学
万物研究所	科普
万物研究所	知识
万物研究所	科学科普
万物研究所	自然
万物研究所	万物研究所·第十期
万物研究所	鉴定
万物研究所	生物
万物研究所	科学
万物研究所	科普
万物研究所	知识
万物研究所	科学科普
万物研究所	自然
万物研究所	万物研究所·第十期
万物研究所	鉴定
万物研究所	人工智能
万物研究所	互联网
万物研究所	知识
万物研究所	科学科普
万物研究所	学习
万物研究所	流行音乐
万物研究所	华语音乐
万物研究所	研究
万物研究所	数据
万物研究所	傅里叶变换
万物研究所	万物研究所·第七期
万物研究所	深度学习
万物研究所	生物
万物研究所	科学
万物研究所	科普
万物研究所	知识
万物研究所	科学科普
万物研究所	自然
万物研究所	万物研究所·第十期
万物研究所	鉴定
万物研究所	眼镜
万物研究所	医学
万物研究所	健康
万物研究所	科普
万物研究所	搞笑
万物研究所	知识
万物研究所	科学科普
万物研究所	医案寻踪
万物研究所	骗局
万物研究所	沙雕
万物研究所	近视
万物研究所	万物研究所·2022第五期
万物研究所	生物
万物研究所	科学
万物研究所	科普
万物研究所	知识
万物研究所	科学科普
万物研究所	自然
万物研究所	万物研究所·第十期
万物研究所	鉴定
万物研究所	灾难
万物研究所	科普
万物研究所	知识
万物研究所	科学科普
万物研究所	非洲
万物研究所	知识
万物研究所	万物研究所·第十期
万物研究所	疾病
万物研究所	埃博拉病毒
万物研究所	瘟疫
万物研究所	病毒
万物研究所	生物
万物研究所	科学
万物研究所	科普
万物研究所	知识
万物研究所	科学科普
万物研究所	自然
万物研究所	万物研究所·第十期
万物研究所	鉴定
万物研究所	科学
万物研究所	科普
万物研究所	知识
万物研究所	科学科普
万物研究所	化学
万物研究所	实验
万物研究所	万物研究所·第十期
万物研究所	鸡
万物研究所	研究
万物研究所	坤坤
万物研究所	ikun
万物研究所	鸡你太美
万物研究所	生物
万物研究所	科学
万物研究所	科普
万物研究所	知识
万物研究所	科学科普
万物研究所	自然
万物研究所	万物研究所·第十期
万物研究所	鉴定
生物	我们都爱搞学习
生物	高考
生物	知识
生物	校园学习
生物	知识
生物	复习
生物	高中
生物	高中生物
生物	经验分享
生物	学习心得
生物	我们都爱搞学习·第二期
我们都爱搞学习	高考
我们都爱搞学习	考试
我们都爱搞学习	知识
我们都爱搞学习	校园学习
我们都爱搞学习	大学
我们都爱搞学习	校园
我们都爱搞学习	学习
我们都爱搞学习	学生党
我们都爱搞学习	经验分享
我们都爱搞学习	摆烂
我们都爱搞学习	学习心得
我们都爱搞学习	我们都爱搞学习·第二期
生物	我们都爱搞学习
生物	高考
生物	必剪创作
生物	知识
生物	科学科普
生物	基础知识
生物	高中生物
生物	易错点
生物	知识点
我们都爱搞学习	高考
我们都爱搞学习	考试
我们都爱搞学习	知识
我们都爱搞学习	校园学习
我们都爱搞学习	校园
我们都爱搞学习	学习
我们都爱搞学习	大学
我们都爱搞学习	学生党
我们都爱搞学习	经验分享
我们都爱搞学习	摆烂
我们都爱搞学习	学习心得
我们都爱搞学习	我们都爱搞学习·第二期
生物	万物研究所
生物	恐龙
生物	科普
生物	知识
生物	科学科普
生物	自然
生物	剪辑
生物	生命
生物	古生物
生物	史前星球
生物	年表
生物	打卡挑战
万物研究所	生物
万物研究所	科学
万物研究所	科普
万物研究所	知识
万物研究所	科学科普
万物研究所	自然
万物研究所	万物研究所·第十期
万物研究所	鉴定
生物	知识
生物	校园学习
生物	复习提纲朗读
生物	知识点梳理朗读
生物	初中生物
生物	中考生物
生物	生物知识点
知识	社会洞察计划
知识	冷知识
知识	高考
知识	人文
知识	科普
知识	搞笑
知识	社科·法律·心理
知识	趣闻
知识	星海计划
知识	学习
知识	干货
知识	大力王
知识	心理学知识
生物	高考
生物	知识
生物	校园学习
生物	高三
生物	课程
生物	逆袭
生物	知识
生物	遗传
生物	高中
生物	经验分享
生物	校园学习
生物	我们都爱搞学习
生物	高考
生物	知识
生物	校园学习
生物	知识
生物	经验分享
生物	高中
生物	高中生物
生物	复习
生物	学习心得
生物	我们都爱搞学习·第二期
科学	天文
科学	地理
科学	生物
科学	科普
科学	知识
科学	科学科普
科学	化学
科学	量子
科学	自然
科学	祖师爷
科学	全能打卡挑战
天文	知识
天文	科学科普
天文	天文学
科学	科学很可爱
科学	科普
科学	知识
科学	科学科普
科学	趣闻
科学	科学史
科学	科学中穿梭
科学	历史的遗憾
科学	遗憾
科学	科学家
科学	涨知识
科学	2023科学很可爱
科学很可爱	正经的知识又增加了
科学很可爱	冷知识
科学很可爱	生物
科学很可爱	科学
科学很可爱	科普
科学很可爱	知识
科学很可爱	科学科普
科学很可爱	趣闻
科学很可爱	自然
科学很可爱	生命
科学很可爱	2023科学很可爱
科学	科普
科学	知识
科学	校园学习
科学	视频教程
科学	学习
科学	儿童
科学	少儿
科学	儿童教育
科学	天文
科学	地理
科学	生物
科学	科普
科学	知识
科学	科学科普
科学	化学
科学	自然
科学	量子
科学	祖师爷
科学	全能打卡挑战
科学	万物研究所
科学	宇宙
科学	科普
科学	知识
科学	科学科普
科学	休谟问题
科学	贝叶斯主义
科学	万物研究所·第十期
科学	奥卡姆剃刀
科学	进化论
科学	科学哲学
科学	贝叶斯
万物研究所	生物
万物研究所	科学
万物研究所	科普
万物研究所	知识
万物研究所	科学科普
万物研究所	自然
万物研究所	万物研究所·第十期
万物研究所	鉴定
科学	知识分享官
科学	科普
科学	必剪创作
科学	知识
科学	科学科普
科学	化学
科学	物理
科学	实验
科学	量子
科学	物质
科学	科学实验
知识分享官	心理学
知识分享官	人文
知识分享官	知识
知识分享官	社科·法律·心理
知识分享官	社会
知识分享官	女生
知识分享官	大学
知识分享官	记忆力
知识分享官	男生
知识分享官	思维
知识分享官	自信
科普	宇宙
科普	历史
科普	人文
科普	影视
科普	影视杂谈
科普	影视指南官
科普	社会
科普	纪录片
科普	自我提升
科普	打卡挑战
科普	影娱哔哔官
宇宙	天文
宇宙	科学
宇宙	科普
宇宙	知识
宇宙	科学科普
宇宙	太空
宇宙	星系
宇宙	探索
宇宙	光速
科普	社会观察局
科普	心理学
科普	知识
科普	社科·法律·心理
科普	学习
科普	校园
科普	动力
科普	多巴胺
科普	自律
科普	戒瘾
科普	科学科普
科普	内耗
科普	社科人文分享官·第二期
社会观察局	说说心理话
社会观察局	心理学
社会观察局	知识
社会观察局	社科·法律·心理
社会观察局	自制
社会观察局	心理
社会观察局	读书
社会观察局	学习
社会观察局	社会
社会观察局	原创
科普	社会观察局
科普	职场
科普	知识
科普	社科·法律·心理
科普	心理
科普	学习
科普	成熟
科普	人际关系
科普	社交
科普	沟通
科普	科学科普
科普	内心强大
社会观察局	说说心理话
社会观察局	心理学
社会观察局	知识
社会观察局	社科·法律·心理
社会观察局	社会
社会观察局	学习
社会观察局	心理
社会观察局	自制
社会观察局	读书
社会观察局	原创
科普	ChatGPT研究所
科普	计算机
科普	人工智能
科普	科学
科普	知识
科普	科学科普
科普	科技
科普	AI
科普	数学
科普	原理
科普	知识
科普	万物研究所·第十期
ChatGPT研究所	人工智能
ChatGPT研究所	知识
ChatGPT研究所	校园学习
ChatGPT研究所	AI
ChatGPT研究所	学习
ChatGPT研究所	科技
ChatGPT研究所	ChatGPT
ChatGPT研究所	生产力
ChatGPT研究所	GPT
ChatGPT研究所	AI技能
ChatGPT研究所	AIGC
ChatGPT研究所	2023科学很可爱
科普	动画短片
科普	动画
科普	综合
科普	教育
科普	早教
科普	十万个为什么
科普	科普启蒙
动画短片	动画短片群星计划
动画短片	手书
动画短片	短片
动画短片	动画
动画短片	短片·手书·配音
动画短片	分镜
动画短片	原创动画
动画短片	剧情
动画短片	欧美
动画短片	英配
动画短片	治愈系
知识	社会洞察计划
知识	冷知识
知识	高考
知识	人文
知识	科普
知识	搞笑
知识	社科·法律·心理
知识	趣闻
知识	星海计划
知识	学习
知识	干货
知识	大力王
知识	心理学知识
社会洞察计划	公益
社会洞察计划	知识
社会洞察计划	社科·法律·心理
社会洞察计划	星海计划
社会洞察计划	社会
社会洞察计划	学习
社会洞察计划	教育
社会洞察计划	公平
社会洞察计划	大学生
社会洞察计划	寒门子弟
知识	冷知识
知识	科普
知识	生活
知识	日常
知识	趣闻
知识	伪常识
知识	伪知识
知识	辟谣
知识	颠覆
知识	谣言
知识	好奇心计划
知识	常识
冷知识	动物观察局
冷知识	科普
冷知识	动物圈
冷知识	动物二创
冷知识	趣闻
冷知识	猴子
冷知识	猴干
冷知识	母猴
冷知识	灵长类
冷知识	动物观察局21.0 小动物集合啦
知识	学习帮帮团
知识	高考
知识	校园学习
知识	学习
知识	教育
知识	大学
知识	背书
知识	经验分享
知识	学习心得
学习帮帮团	高考
学习帮帮团	英语
学习帮帮团	考试
学习帮帮团	知识
学习帮帮团	校园学习
学习帮帮团	学习
学习帮帮团	数学
学习帮帮团	物理
学习帮帮团	大学
学习帮帮团	教育
学习帮帮团	高中
知识	我们都爱搞学习
知识	生物
知识	高考
知识	校园学习
知识	复习
知识	经验分享
知识	高中生物
知识	高中
知识	学习心得
知识	我们都爱搞学习·第二期
我们都爱搞学习	高考
我们都爱搞学习	考试
我们都爱搞学习	知识
我们都爱搞学习	校园学习
我们都爱搞学习	学习
我们都爱搞学习	大学
我们都爱搞学习	校园
我们都爱搞学习	经验分享
我们都爱搞学习	学生党
我们都爱搞学习	摆烂
我们都爱搞学习	学习心得
我们都爱搞学习	我们都爱搞学习·第二期
知识	英语听力
知识	英语口语
知识	英语学习
知识	英语
知识	校园学习
知识	学习
英语听力	英语口语
英语听力	英语学习
英语听力	英语
英语听力	知识
英语听力	校园学习
英语听力	学习
科学科普	科学
科学科普	科普
科学科普	动画
科学科普	综合
科学科普	有趣
科学科普	益智
科学科普	小学科学
科学	天文
科学	地理
科学	生物
科学	科普
科学	知识
科学	科学科普
科学	化学
科学	自然
科学	量子
科学	祖师爷
科学	全能打卡挑战
科学科普	万物研究所
科学科普	天文
科学科普	科学
科学科普	科普
科学科普	知识
科学科普	物理
万物研究所	生物
万物研究所	科学
万物研究所	科普
万物研究所	知识
万物研究所	科学科普
万物研究所	自然
万物研究所	万物研究所·第十期
万物研究所	鉴定
科学科普	万物研究所
科学科普	宇宙
科学科普	科学
科学科普	科普
科学科普	知识
科学科普	休谟问题
科学科普	贝叶斯主义
科学科普	万物研究所·第十期
科学科普	奥卡姆剃刀
科学科普	进化论
科学科普	科学哲学
科学科普	贝叶斯
万物研究所	生物
万物研究所	科学
万物研究所	科普
万物研究所	知识
万物研究所	科学科普
万物研究所	自然
万物研究所	万物研究所·第十期
万物研究所	鉴定
科学科普	天文
科学科普	地理
科学科普	生物
科学科普	科学
科学科普	科普
科学科普	知识
科学科普	化学
科学科普	自然
科学科普	量子
科学科普	祖师爷
科学科普	全能打卡挑战
天文	知识
天文	科学科普
天文	天文学
科学科普	生物
科学科普	科学
科学科普	健康
科学科普	科普
科学科普	必剪创作
科学科普	知识
科学科普	知识分享官
科学科普	生命
科学科普	戒色
科学科普	肾虚
科学科普	打卡挑战
生物	我们都爱搞学习
生物	高考
生物	知识
生物	校园学习
生物	知识
生物	复习
生物	高中
生物	经验分享
生物	高中生物
生物	学习心得
生物	我们都爱搞学习·第二期
自然	记录出行的快乐
自然	摄影
自然	旅游
自然	生活
自然	出行
自然	治愈
自然	旅行
自然	风景
自然	夏天
自然	氛围
自然	治愈系
自然	记录
自然	一起fun放假
记录出行的快乐	旅拍
记录出行的快乐	摄影
记录出行的快乐	旅游
记录出行的快乐	生活
记录出行的快乐	出行
记录出行的快乐	旅行
记录出行的快乐	自制
记录出行的快乐	新疆
记录出行的快乐	风景
记录出行的快乐	记录
记录出行的快乐	旅行VLOG
记录出行的快乐	夏日玩乐小分队
自然	冥想
自然	4K
自然	人文
自然	音乐
自然	音乐综合
自然	大自然
自然	治愈向
自然	森林
自然	地球
自然	放松电影
自然	自然风光
自然	放松音乐
冥想	打造我的好身材
冥想	高考
冥想	运动
冥想	健身
冥想	yoga nidra
冥想	瑜伽放松术
冥想	放松
冥想	午睡
冥想	失眠
冥想	睡眠
冥想	休息
冥想	一起fun放假
自然	自然科学
自然	科学
自然	知识
自然	科学科普
自然	生命
自然	动画
自然	微观
自然	趣味动画
自然	微观世界
自然科学	科学
自然科学	科普
自然科学	知识
自然科学	科学科普
自然科学	物理
自然	摄影
自然	生活
自然	出行
自然	治愈
自然	风景
自然	水流
自然	打卡挑战
摄影	相机
摄影	野生技术协会
摄影	技术宅
摄影	科技
摄影	数码
摄影	数码
摄影	知识分享官
摄影	技术
摄影	学习
摄影	教程
摄影	经验分享
自然	生活里的美好瞬间
自然	旅游
自然	生活
自然	日常
自然	风景
自然	治愈
自然	大自然
自然	淘出一万种生活
自然	仙境
自然	安静
自然	忘记烦恼
生活里的美好瞬间	UP影剧综指南·剧好看
生活里的美好瞬间	影视混剪
生活里的美好瞬间	影视
生活里的美好瞬间	影视剪辑
生活里的美好瞬间	UP影剧综指南
生活里的美好瞬间	电影混剪
生活里的美好瞬间	混剪
生活里的美好瞬间	欧美
生活里的美好瞬间	美剧混剪
万物研究所·第十期	万物研究所
万物研究所·第十期	宇宙
万物研究所·第十期	科学
万物研究所·第十期	历史
万物研究所·第十期	知识
万物研究所·第十期	科学科普
万物研究所·第十期	物理
万物研究所·第十期	知识
万物研究所·第十期	数学
万物研究所·第十期	科学科普
万物研究所·第十期	Star Sky
万物研究所·第十期	人类群星闪耀时
万物研究所	生物
万物研究所	科学
万物研究所	科普
万物研究所	知识
万物研究所	科学科普
万物研究所	自然
万物研究所	万物研究所·第十期
万物研究所	鉴定
万物研究所·第十期	万物研究所
万物研究所·第十期	科学
万物研究所·第十期	历史
万物研究所·第十期	科普
万物研究所·第十期	知识
万物研究所·第十期	科学科普
万物研究所·第十期	工业
万物研究所·第十期	人物
万物研究所·第十期	钢铁产业
万物研究所·第十期	钢铁
万物研究所·第十期	产业
万物研究所·第十期	冶金
万物研究所	生物
万物研究所	科学
万物研究所	科普
万物研究所	知识
万物研究所	科学科普
万物研究所	自然
万物研究所	万物研究所·第十期
万物研究所	鉴定
万物研究所·第十期	万物研究所
万物研究所·第十期	人工智能
万物研究所·第十期	互联网
万物研究所·第十期	知识
万物研究所·第十期	科学科普
万物研究所·第十期	流行音乐
万物研究所·第十期	华语音乐
万物研究所·第十期	学习
万物研究所·第十期	研究
万物研究所·第十期	数据
万物研究所·第十期	傅里叶变换
万物研究所·第十期	万物研究所·第七期
万物研究所·第十期	深度学习
万物研究所	生物
万物研究所	科学
万物研究所	科普
万物研究所	知识
万物研究所	科学科普
万物研究所	自然
万物研究所	万物研究所·第十期
万物研究所	鉴定
万物研究所·第十期	万物研究所
万物研究所·第十期	灾难
万物研究所·第十期	科普
万物研究所·第十期	知识
万物研究所·第十期	科学科普
万物研究所·第十期	非洲
万物研究所·第十期	知识
万物研究所·第十期	瘟疫
万物研究所·第十期	疾病
万物研究所·第十期	病毒
万物研究所·第十期	埃博拉病毒
万物研究所	生物
万物研究所	科学
万物研究所	科普
万物研究所	知识
万物研究所	科学科普
万物研究所	自然
万物研究所	万物研究所·第十期
万物研究所	鉴定
万物研究所·第十期	万物研究所
万物研究所·第十期	昆虫
万物研究所·第十期	生物
万物研究所·第十期	科学
万物研究所·第十期	科普
万物研究所·第十期	知识
万物研究所·第十期	科学科普
万物研究所·第十期	自然
万物研究所·第十期	蚂蚁
万物研究所·第十期	萝王
万物研究所	生物
万物研究所	科学
万物研究所	科普
万物研究所	知识
万物研究所	科学科普
万物研究所	自然
万物研究所	万物研究所·第十期
万物研究所	鉴定
鉴定	生活
鉴定	搞笑
鉴定	国宝帮
鉴定	古钱
生活	春日迷影电影院
生活	美国电影
生活	电影解说
生活	影视
生活	影视杂谈
生活	亲情
生活	励志
生活	电影
生活	白日梦想家
生活	影娱新春游园会
鉴定	万物研究所
鉴定	生物
鉴定	科学
鉴定	科普
鉴定	知识
鉴定	科学科普
鉴定	自然
鉴定	万物研究所·第十期
万物研究所	生物
万物研究所	科学
万物研究所	科普
万物研究所	知识
万物研究所	科学科普
万物研究所	自然
万物研究所	万物研究所·第十期
万物研究所	鉴定
鉴定	知识分享官
鉴定	历史
鉴定	人文
鉴定	科普
鉴定	知识
鉴定	野生技能协会
鉴定	全程高能
鉴定	文化
鉴定	天天鉴宝
鉴定	西藏
鉴定	惊吓
鉴定	鉴宝
知识分享官	心理学
知识分享官	人文
知识分享官	知识
知识分享官	社科·法律·心理
知识分享官	记忆力
知识分享官	男生
知识分享官	大学
知识分享官	社会
知识分享官	女生
知识分享官	自信
知识分享官	思维
鉴定	网络热门鉴定
鉴定	黑科技
鉴定	知识
鉴定	科学科普
鉴定	直播带货
鉴定	万物研究所·第十期
鉴定	翻车
鉴定	神器
鉴定	热门
鉴定	智商税
鉴定	爆款
鉴定	网络热门
网络热门鉴定	生物
网络热门鉴定	原创歌曲
网络热门鉴定	科普
网络热门鉴定	知识
网络热门鉴定	科学科普
网络热门鉴定	奇妙生物大赏
网络热门鉴定	原创音乐
网络热门鉴定	自然
网络热门鉴定	知识
网络热门鉴定	音乐
网络热门鉴定	科学科普
鉴定	知识
鉴定	野生技能协会
鉴定	古董
鉴定	收藏
鉴定	天天鉴宝
鉴定	鉴宝
鉴定	古玩
鉴定	牛道德
知识	社会洞察计划
知识	冷知识
知识	高考
知识	人文
知识	科普
知识	搞笑
知识	社科·法律·心理
知识	趣闻
知识	星海计划
知识	学习
知识	干货
知识	大力王
知识	心理学知识
万物研究所	人工智能
万物研究所	互联网
万物研究所	知识
万物研究所	科学科普
万物研究所	华语音乐
万物研究所	学习
万物研究所	流行音乐
万物研究所	研究
万物研究所	数据
万物研究所	傅里叶变换
万物研究所	万物研究所·第七期
万物研究所	深度学习
万物研究所	生物
万物研究所	科学
万物研究所	科普
万物研究所	知识
万物研究所	科学科普
万物研究所	自然
万物研究所	万物研究所·第十期
万物研究所	鉴定
万物研究所	生物
万物研究所	科学
万物研究所	科普
万物研究所	知识
万物研究所	科学科普
万物研究所	自然
万物研究所	万物研究所·第十期
万物研究所	鉴定
万物研究所	人工智能
万物研究所	互联网
万物研究所	知识
万物研究所	科学科普
万物研究所	学习
万物研究所	华语音乐
万物研究所	流行音乐
万物研究所	数据
万物研究所	研究
万物研究所	傅里叶变换
万物研究所	万物研究所·第七期
万物研究所	深度学习
万物研究所	生物
万物研究所	科学
万物研究所	科普
万物研究所	知识
万物研究所	科学科普
万物研究所	自然
万物研究所	万物研究所·第十期
万物研究所	鉴定
万物研究所	灾难
万物研究所	科普
万物研究所	知识
万物研究所	科学科普
万物研究所	非洲
万物研究所	知识
万物研究所	万物研究所·第十期
万物研究所	瘟疫
万物研究所	病毒
万物研究所	埃博拉病毒
万物研究所	疾病
万物研究所	生物
万物研究所	科学
万物研究所	科普
万物研究所	知识
万物研究所	科学科普
万物研究所	自然
万物研究所	万物研究所·第十期
万物研究所	鉴定
万物研究所	眼镜
万物研究所	医学
万物研究所	健康
万物研究所	科普
万物研究所	搞笑
万物研究所	知识
万物研究所	科学科普
万物研究所	医案寻踪
万物研究所	骗局
万物研究所	沙雕
万物研究所	近视
万物研究所	万物研究所·2022第五期
万物研究所	生物
万物研究所	科学
万物研究所	科普
万物研究所	知识
万物研究所	科学科普
万物研究所	自然
万物研究所	万物研究所·第十期
万物研究所	鉴定
万物研究所	科学
万物研究所	科普
万物研究所	知识
万物研究所	科学科普
万物研究所	化学
万物研究所	实验
万物研究所	万物研究所·第十期
万物研究所	鸡
万物研究所	研究
万物研究所	坤坤
万物研究所	ikun
万物研究所	鸡你太美
万物研究所	生物
万物研究所	科学
万物研究所	科普
万物研究所	知识
万物研究所	科学科普
万物研究所	自然
万物研究所	万物研究所·第十期
万物研究所	鉴定
人工智能	计算机
人工智能	科学
人工智能	科技
人工智能	计算机技术
人工智能	AI
人工智能	神经网络
人工智能	计算机视觉
人工智能	机器学习
人工智能	深度学习
人工智能	OpenCV
人工智能	人工智能课程
人工智能	人工智能实战
计算机	考试
计算机	科技
计算机	计算机技术
计算机	科技
计算机	课程
计算机	专升本
计算机	教程
计算机	学习必备
计算机	乾坤未定，你我皆是黑马！
计算机	加油，少年郎！
计算机	经验分享
计算机	学习心得
人工智能	畅聊行业观点
人工智能	经济
人工智能	金融
人工智能	知识
人工智能	财经商业
人工智能	AI
人工智能	生成式AI
人工智能	大语言模型
人工智能	寻找100位内行人
人工智能	商业
畅聊行业观点	经济
畅聊行业观点	金融
畅聊行业观点	手机
畅聊行业观点	知识
畅聊行业观点	财经商业
畅聊行业观点	数码
畅聊行业观点	寻找100位内行人
畅聊行业观点	商业
畅聊行业观点	行业
畅聊行业观点	第一
畅聊行业观点	vivo
人工智能	计算机
人工智能	科学
人工智能	科技
人工智能	计算机技术
人工智能	神经网络
人工智能	AI
人工智能	技术
人工智能	CV
人工智能	科技
人工智能	机器学习
人工智能	深度学习
人工智能	计算机技术
计算机	考试
计算机	科技
计算机	计算机技术
计算机	科技
计算机	课程
计算机	专升本
计算机	教程
计算机	学习必备
计算机	加油，少年郎！
计算机	乾坤未定，你我皆是黑马！
计算机	经验分享
计算机	学习心得
人工智能	科技猎手
人工智能	科学
人工智能	科技
人工智能	计算机技术
人工智能	神经网络
人工智能	自然语言处理
人工智能	计算机视觉
人工智能	机器学习
人工智能	计算机科学
人工智能	深度学习
人工智能	卷积神经网络
人工智能	人工智能学习路线
人工智能	科技猎手计划·2022第四期
科技猎手	科技猎手2023
科技猎手	航空
科技猎手	DIY
科技猎手	搞笑
科技猎手	科技
科技猎手	极客DIY
科技猎手	军事
科技猎手	游戏
科技猎手	模拟
人工智能	科普
人工智能	知识
人工智能	科学科普
人工智能	知识分享官
人工智能	神经元
人工智能	AI
人工智能	科技
人工智能	深度学习
人工智能	强化学习
人工智能	监督学习
人工智能	知识分享官2021第九期
人工智能	计算机
人工智能	科学
人工智能	科技
人工智能	计算机技术
人工智能	神经网络
人工智能	AI
人工智能	机器学习
人工智能	计算机视觉
人工智能	深度学习
人工智能	OpenCV
人工智能	人工智能课程
人工智能	人工智能实战
互联网	科学
互联网	人文
互联网	科普
互联网	知识
互联网	财经商业
互联网	科技
互联网	原创
互联网	趣味科普人文
互联网	商业
互联网	防骗
互联网	寒假Vlog-一起学习吧
互联网	编程
互联网	程序员
互联网	知识
互联网	野生技能协会
互联网	前端
互联网	互联网原理
互联网	web开发
互联网	TCP//IP
互联网	编程
互联网	程序员
互联网	知识
互联网	野生技能协会
互联网	前端
互联网	互联网原理
互联网	web开发
互联网	TCP//IP
编程	知识分享官
编程	野生技术协会
编程	科技
编程	计算机技术
编程	编程入门
编程	零基础编程
编程	1024程序员节
编程	PYTHON入门
互联网	搞笑
互联网	生活
互联网	搞笑
互联网	中文字幕
互联网	恶搞
互联网	TheMrNICEGUY
互联网	奶思盖
互联网	沙雕
互联网	段子
互联网	科学
互联网	人文
互联网	科普
互联网	知识
互联网	财经商业
互联网	科技
互联网	原创
互联网	趣味科普人文
互联网	商业
互联网	防骗
互联网	寒假Vlog-一起学习吧
互联网	社会观察局
互联网	知识
互联网	人文历史
互联网	社科人文分享官·第二期
社会观察局	说说心理话
社会观察局	心理学
社会观察局	知识
社会观察局	社科·法律·心理
社会观察局	原创
社会观察局	自制
社会观察局	心理
社会观察局	读书
社会观察局	学习
社会观察局	社会
互联网	是老师，也是UP主！
互联网	知识
互联网	校园学习
是老师，也是UP主！	知识
是老师，也是UP主！	校园学习
是老师，也是UP主！	大学
是老师，也是UP主！	教育
是老师，也是UP主！	学习
是老师，也是UP主！	经验分享
是老师，也是UP主！	理由
是老师，也是UP主！	学习心得
知识	社会洞察计划
知识	冷知识
知识	高考
知识	人文
知识	科普
知识	搞笑
知识	社科·法律·心理
知识	趣闻
知识	星海计划
知识	学习
知识	干货
知识	大力王
知识	心理学知识
社会洞察计划	公益
社会洞察计划	知识
社会洞察计划	社科·法律·心理
社会洞察计划	星海计划
社会洞察计划	学习
社会洞察计划	教育
社会洞察计划	社会
社会洞察计划	大学生
社会洞察计划	公平
社会洞察计划	寒门子弟
知识	冷知识
知识	科普
知识	生活
知识	日常
知识	趣闻
知识	伪常识
知识	伪知识
知识	辟谣
知识	颠覆
知识	谣言
知识	好奇心计划
知识	常识
冷知识	动物观察局
冷知识	科普
冷知识	动物圈
冷知识	动物二创
冷知识	趣闻
冷知识	猴子
冷知识	猴干
冷知识	母猴
冷知识	灵长类
冷知识	动物观察局21.0 小动物集合啦
知识	学习帮帮团
知识	高考
知识	校园学习
知识	学习
知识	教育
知识	大学
知识	背书
知识	经验分享
知识	学习心得
学习帮帮团	高考
学习帮帮团	英语
学习帮帮团	考试
学习帮帮团	知识
学习帮帮团	校园学习
学习帮帮团	学习
学习帮帮团	物理
学习帮帮团	教育
学习帮帮团	大学
学习帮帮团	数学
学习帮帮团	高中
知识	我们都爱搞学习
知识	生物
知识	高考
知识	校园学习
知识	复习
知识	高中
知识	高中生物
知识	经验分享
知识	学习心得
知识	我们都爱搞学习·第二期
我们都爱搞学习	高考
我们都爱搞学习	考试
我们都爱搞学习	知识
我们都爱搞学习	校园学习
我们都爱搞学习	大学
我们都爱搞学习	学习
我们都爱搞学习	校园
我们都爱搞学习	经验分享
我们都爱搞学习	学生党
我们都爱搞学习	摆烂
我们都爱搞学习	学习心得
我们都爱搞学习	我们都爱搞学习·第二期
知识	英语听力
知识	英语口语
知识	英语学习
知识	英语
知识	校园学习
知识	学习
英语听力	英语口语
英语听力	英语学习
英语听力	英语
英语听力	知识
英语听力	校园学习
英语听力	学习
科学科普	科学
科学科普	科普
科学科普	动画
科学科普	综合
科学科普	有趣
科学科普	益智
科学科普	小学科学
科学	天文
科学	地理
科学	生物
科学	科普
科学	知识
科学	科学科普
科学	化学
科学	量子
科学	自然
科学	祖师爷
科学	全能打卡挑战
科学科普	万物研究所
科学科普	天文
科学科普	科学
科学科普	科普
科学科普	知识
科学科普	物理
万物研究所	生物
万物研究所	科学
万物研究所	科普
万物研究所	知识
万物研究所	科学科普
万物研究所	自然
万物研究所	万物研究所·第十期
万物研究所	鉴定
科学科普	万物研究所
科学科普	宇宙
科学科普	科学
科学科普	科普
科学科普	知识
科学科普	休谟问题
科学科普	贝叶斯主义
科学科普	万物研究所·第十期
科学科普	进化论
科学科普	科学哲学
科学科普	奥卡姆剃刀
科学科普	贝叶斯
万物研究所	生物
万物研究所	科学
万物研究所	科普
万物研究所	知识
万物研究所	科学科普
万物研究所	自然
万物研究所	万物研究所·第十期
万物研究所	鉴定
科学科普	天文
科学科普	地理
科学科普	生物
科学科普	科学
科学科普	科普
科学科普	知识
科学科普	化学
科学科普	量子
科学科普	自然
科学科普	祖师爷
科学科普	全能打卡挑战
天文	知识
天文	科学科普
天文	天文学
科学科普	生物
科学科普	科学
科学科普	健康
科学科普	科普
科学科普	必剪创作
科学科普	知识
科学科普	知识分享官
科学科普	生命
科学科普	肾虚
科学科普	戒色
科学科普	打卡挑战
生物	我们都爱搞学习
生物	高考
生物	知识
生物	校园学习
生物	知识
生物	经验分享
生物	高中生物
生物	复习
生物	高中
生物	学习心得
生物	我们都爱搞学习·第二期
华语音乐	张学友
华语音乐	刘德华
华语音乐	音乐
华语音乐	音乐综合
华语音乐	流行音乐
华语音乐	经典老歌
华语音乐	经典歌曲
华语音乐	怀旧
华语音乐	##全能音乐挑战赛##
华语音乐	华语歌曲
华语音乐	精选歌单
张学友	开口跪
张学友	音乐
张学友	音乐现场
张学友	音乐现场
张学友	演唱会
张学友	必看
张学友	封神
张学友	吻别
张学友	音乐私藏馆
华语音乐	万物研究所
华语音乐	人工智能
华语音乐	互联网
华语音乐	知识
华语音乐	科学科普
华语音乐	学习
华语音乐	流行音乐
华语音乐	研究
华语音乐	数据
华语音乐	傅里叶变换
华语音乐	万物研究所·第七期
华语音乐	深度学习
万物研究所	生物
万物研究所	科学
万物研究所	科普
万物研究所	知识
万物研究所	科学科普
万物研究所	自然
万物研究所	万物研究所·第十期
万物研究所	鉴定
华语音乐	五月天
华语音乐	林俊杰
华语音乐	周杰伦
华语音乐	音乐
华语音乐	音乐综合
华语音乐	童年回忆杀
华语音乐	七里香
华语音乐	晴天
华语音乐	回忆向
华语音乐	童年
华语音乐	Super Star
华语音乐	遇见
五月天	音乐
五月天	MV
五月天	飞行日
五月天	刘若英飞行日演唱会
五月天	刘若英
华语音乐	音乐分享官
华语音乐	黄家驹
华语音乐	张学友
华语音乐	林俊杰
华语音乐	乐评盘点
华语音乐	周杰伦
华语音乐	音乐
华语音乐	乐评盘点
华语音乐	榜单
华语音乐	怀旧
华语音乐	经典
华语音乐	邓丽君
华语音乐	华语
华语音乐	音乐分享官5.0
音乐分享官	极乐净土
音乐分享官	乐评盘点
音乐分享官	音乐
音乐分享官	乐评盘点
音乐分享官	二次元
音乐分享官	ACG音乐
音乐分享官	动漫音乐
音乐分享官	One last kiss
音乐分享官	音乐分享官7.0
音乐分享官	美依礼芽
音乐分享官	群青
音乐分享官	B站神曲
华语音乐	2022年度音乐盘点
华语音乐	年度盘点
华语音乐	乐评盘点
华语音乐	音乐
华语音乐	乐评盘点
华语音乐	年度音乐盘点
华语音乐	最佳歌曲
2022年度音乐盘点	张韶涵
2022年度音乐盘点	鞠婧祎
2022年度音乐盘点	薛之谦
2022年度音乐盘点	林俊杰
2022年度音乐盘点	乐评盘点
2022年度音乐盘点	周杰伦
2022年度音乐盘点	音乐
2022年度音乐盘点	乐评盘点
2022年度音乐盘点	明星
2022年度音乐盘点	歌曲
2022年度音乐盘点	年度音乐盘点
2022年度音乐盘点	告五人
2022年度音乐盘点	存档2022，开拍2023
学习	音乐
学习	音乐综合
学习	学习动力
学习	STUDYWITHME
学习	背景音乐
学习	STUDYACCOUNT
学习	油管
学习	日常
学习	搬运
音乐	音乐安利大赏
音乐	杨丞琳
音乐	毕业季
音乐	MV
音乐	毕业
音乐	青春
音乐	社会
音乐	中国
音乐	齐秦
音乐	资讯
音乐	KPOP人集合企划
学习	学习日常打卡
学习	校园vlog
学习	vlog
学习	知识
学习	校园学习
学习	校园
学习	学生党
学习	备考
学习	高效
学习	学习心得
学习	STUDYWITHME
学习	实时学习
学习	非正式颁奖小会
学习日常打卡	校园分享官
学习日常打卡	白噪音
学习日常打卡	必剪创作
学习日常打卡	生活
学习日常打卡	日常
学习日常打卡	学习
学习日常打卡	学习向
学习日常打卡	自习
学习日常打卡	STUDY
学习日常打卡	高中
学习日常打卡	学习打卡
学习日常打卡	实时学习
学习	短片
学习	影视
学习	小剧场
学习	励志短片
学习	梦想
学习	奋斗
学习	正能量
学习	青春
学习	励志
学习	激励
学习	励志向
学习	努力
短片	微电影
短片	科幻
短片	影视
短片	小剧场
短片	下饭
短片	短剧
短片	持续更新
短片	连载
短片	视频
短片	剧情
学习	我们都爱搞学习
学习	学习方法
学习	高考
学习	考研
学习	考试
学习	知识
学习	校园学习
学习	知识
学习	校园
学习	大学
学习	经验分享
学习	高中
学习	校园学习
我们都爱搞学习	高考
我们都爱搞学习	考试
我们都爱搞学习	知识
我们都爱搞学习	校园学习
我们都爱搞学习	校园
我们都爱搞学习	大学
我们都爱搞学习	学习
我们都爱搞学习	经验分享
我们都爱搞学习	学生党
我们都爱搞学习	摆烂
我们都爱搞学习	学习心得
我们都爱搞学习	我们都爱搞学习·第二期
学习	是老师，也是UP主！
学习	高考
学习	知识
学习	校园学习
学习	高三
学习	学霸
学习	高中
学习	努力
学习	自律
学习	复习
学习	学习心得
是老师，也是UP主！	知识
是老师，也是UP主！	校园学习
是老师，也是UP主！	学习
是老师，也是UP主！	大学
是老师，也是UP主！	教育
是老师，也是UP主！	理由
是老师，也是UP主！	经验分享
是老师，也是UP主！	学习心得
流行音乐	音乐
流行音乐	MV
流行音乐	经典歌曲
流行音乐	音乐选集
流行音乐	无损音质
流行音乐	好听的歌曲
流行音乐	歌曲合集
流行音乐	流行歌曲
流行音乐	好听的歌
流行音乐	校园歌曲
流行音乐	bilibili过大年
音乐	音乐安利大赏
音乐	杨丞琳
音乐	毕业季
音乐	MV
音乐	毕业
音乐	中国
音乐	社会
音乐	青春
音乐	资讯
音乐	齐秦
音乐	KPOP人集合企划
流行音乐	万物研究所
流行音乐	人工智能
流行音乐	互联网
流行音乐	知识
流行音乐	科学科普
流行音乐	学习
流行音乐	华语音乐
流行音乐	研究
流行音乐	数据
流行音乐	傅里叶变换
流行音乐	万物研究所·第七期
流行音乐	深度学习
万物研究所	生物
万物研究所	科学
万物研究所	科普
万物研究所	知识
万物研究所	科学科普
万物研究所	自然
万物研究所	万物研究所·第十期
万物研究所	鉴定
流行音乐	音乐
流行音乐	音乐综合
流行音乐	高质量
流行音乐	歌单
流行音乐	收藏
流行音乐	经典音乐
流行音乐	歌曲
流行音乐	高音质
流行音乐	音乐选集
流行音乐	音乐分享官7.0
流行音乐	无损音质
流行音乐	音乐热歌
音乐	音乐安利大赏
音乐	杨丞琳
音乐	毕业季
音乐	MV
音乐	青春
音乐	毕业
音乐	中国
音乐	社会
音乐	资讯
音乐	齐秦
音乐	KPOP人集合企划
流行音乐	音乐
流行音乐	音乐综合
流行音乐	欧美流行
流行音乐	歌曲合集
流行音乐	经典英文歌
流行音乐	欧美流行音乐
流行音乐	超好听英文歌曲
流行音乐	英文歌合集
流行音乐	音乐素人投稿季
音乐	音乐安利大赏
音乐	杨丞琳
音乐	毕业季
音乐	MV
音乐	中国
音乐	青春
音乐	社会
音乐	毕业
音乐	资讯
音乐	齐秦
音乐	KPOP人集合企划
研究	万物研究所
研究	人工智能
研究	互联网
研究	知识
研究	科学科普
研究	华语音乐
研究	流行音乐
研究	学习
研究	数据
研究	傅里叶变换
研究	万物研究所·第七期
研究	深度学习
万物研究所	生物
万物研究所	科学
万物研究所	科普
万物研究所	知识
万物研究所	科学科普
万物研究所	自然
万物研究所	万物研究所·第十期
万物研究所	鉴定
研究	每天一个科研小知识
研究	考研
研究	知识
研究	校园学习
研究	研究生
研究	科研
研究	博士
研究	硕博
研究	硕士
研究	读研
研究	文献
研究	组会
每天一个科研小知识	知识
每天一个科研小知识	校园学习
每天一个科研小知识	研究生
每天一个科研小知识	大学
每天一个科研小知识	毕业论文
每天一个科研小知识	论文
每天一个科研小知识	毕业生
每天一个科研小知识	大学生
研究	万物研究所
研究	科学
研究	科普
研究	知识
研究	科学科普
研究	化学
研究	实验
研究	万物研究所·第十期
研究	鸡
研究	坤坤
研究	ikun
研究	鸡你太美
万物研究所	生物
万物研究所	科学
万物研究所	科普
万物研究所	知识
万物研究所	科学科普
万物研究所	自然
万物研究所	万物研究所·第十期
万物研究所	鉴定
研究	网络热门鉴定
研究	科学
研究	科普
研究	知识
研究	科学科普
研究	原理
研究	物理
研究	电路
研究	可达鸭
研究	吸管
研究	万物研究所·第七期
网络热门鉴定	生物
网络热门鉴定	原创歌曲
网络热门鉴定	科普
网络热门鉴定	知识
网络热门鉴定	科学科普
网络热门鉴定	奇妙生物大赏
网络热门鉴定	原创音乐
网络热门鉴定	自然
网络热门鉴定	知识
网络热门鉴定	音乐
网络热门鉴定	科学科普
研究	校园唠嗑会
研究	生活
研究	搞笑
研究	生物学
研究	研究生
研究	论文灌水
研究	科研
研究	学术不端
研究	生活万花筒6.0·沸腾吧！青年
校园唠嗑会	知识
校园唠嗑会	校园学习
校园唠嗑会	模拟
校园唠嗑会	请假
校园唠嗑会	大学生
校园唠嗑会	今日校园
校园唠嗑会	校园星发现·离谱专业大赏
数据	黑科技
数据	野生技术协会
数据	知识
数据	野生技能协会
数据	学习
数据	大学生
数据	教育
数据	科技
数据	教程
数据	数据分析
黑科技	科技猎手
黑科技	插画
黑科技	手机
黑科技	绘画
黑科技	科技
黑科技	软件应用
黑科技	漫画
黑科技	数码
黑科技	二次元
黑科技	动漫
黑科技	APP推荐
黑科技	加速器
黑科技	免费加速器
黑科技	科技猎手计划2022第二季
数据	AI魔法研究中心
数据	数据可视化
数据	知识
数据	野生技能协会
数据	镝数
数据	镝数图表
数据	基础入门
数据	图表
数据	数据分析
数据	零基础入门
数据	可视化
数据	图表制作
数据	AIGC启航计划
AI魔法研究中心	人工智能
AI魔法研究中心	模型
AI魔法研究中心	知识
AI魔法研究中心	野生技能协会
AI魔法研究中心	新手教程
AI魔法研究中心	二次元
AI魔法研究中心	教程
AI魔法研究中心	MidJourney
AI魔法研究中心	StableDiffusion
AI魔法研究中心	AI绘画
AI魔法研究中心	NovelAi
数据	知识
数据	职业职场
数据	运营产品
数据	数据分析自学
数据	数据分析正式课程
数据	SQL
数据	启蒙
数据	Python
数据	Excel
数据	分析报告
数据	Tableau
知识	社会洞察计划
知识	冷知识
知识	高考
知识	人文
知识	科普
知识	搞笑
知识	社科·法律·心理
知识	趣闻
知识	星海计划
知识	学习
知识	干货
知识	大力王
知识	心理学知识
数据	冷知识
数据	黑科技
数据	电脑
数据	野生技术协会
数据	技术宅
数据	人文
数据	科普
数据	知识
数据	野生技能协会
数据	趣闻
数据	数码
数据	知识分享官
数据	学习
冷知识	动物观察局
冷知识	科普
冷知识	动物圈
冷知识	动物二创
冷知识	趣闻
冷知识	猴子
冷知识	猴干
冷知识	母猴
冷知识	灵长类
冷知识	动物观察局21.0 小动物集合啦
数据	科学
数据	科技
数据	计算机技术
数据	校园分享官第5期
数据	大数据
数据	可视化
数据	数据分析
数据	机器学习
数据	数据挖掘
数据	数据科学
数据	数据分析师
数据	PYTHON教程
数据	数据清理
科学	天文
科学	地理
科学	生物
科学	科普
科学	知识
科学	科学科普
科学	化学
科学	量子
科学	自然
科学	祖师爷
科学	全能打卡挑战
傅里叶变换	计算机
傅里叶变换	人工智能
傅里叶变换	公开课
傅里叶变换	科技
傅里叶变换	计算机技术
傅里叶变换	科技
傅里叶变换	AI
傅里叶变换	李永乐
傅里叶变换	深度学习
傅里叶变换	计算机技术
傅里叶变换	编程开发
计算机	考试
计算机	科技
计算机	计算机技术
计算机	科技
计算机	课程
计算机	专升本
计算机	教程
计算机	学习必备
计算机	加油，少年郎！
计算机	乾坤未定，你我皆是黑马！
计算机	经验分享
计算机	学习心得
傅里叶变换	科学
傅里叶变换	科普
傅里叶变换	知识
傅里叶变换	科学科普
傅里叶变换	数学
傅里叶变换	YOUTUBE
傅里叶变换	趣味科普人文
傅里叶变换	3BLUE1BROWN
科学	天文
科学	地理
科学	生物
科学	科普
科学	知识
科学	科学科普
科学	化学
科学	量子
科学	自然
科学	祖师爷
科学	全能打卡挑战
傅里叶变换	万物研究所
傅里叶变换	科普
傅里叶变换	知识
傅里叶变换	科学科普
傅里叶变换	数学
傅里叶变换	万物研究所·第十期
傅里叶变换	高等数学
傅里叶变换	高中数学
万物研究所	生物
万物研究所	科学
万物研究所	科普
万物研究所	知识
万物研究所	科学科普
万物研究所	自然
万物研究所	万物研究所·第十期
万物研究所	鉴定
傅里叶变换	知识
傅里叶变换	校园学习
傅里叶变换	大学
傅里叶变换	数学
傅里叶变换	学习
傅里叶变换	信号处理
知识	社会洞察计划
知识	冷知识
知识	高考
知识	人文
知识	科普
知识	搞笑
知识	社科·法律·心理
知识	趣闻
知识	星海计划
知识	学习
知识	干货
知识	大力王
知识	心理学知识
傅里叶变换	人工智能
傅里叶变换	科技
傅里叶变换	计算机技术
傅里叶变换	计算机视觉
傅里叶变换	深度学习
傅里叶变换	OpenCV
傅里叶变换	numpy
傅里叶变换	编程开发
傅里叶变换	低通滤波
傅里叶变换	高通滤波
傅里叶变换	校园分享官第6期
人工智能	计算机
人工智能	科学
人工智能	科技
人工智能	计算机技术
人工智能	神经网络
人工智能	AI
人工智能	机器学习
人工智能	计算机视觉
人工智能	深度学习
人工智能	OpenCV
人工智能	人工智能课程
人工智能	人工智能实战
万物研究所·第七期	万物研究所
万物研究所·第七期	人工智能
万物研究所·第七期	互联网
万物研究所·第七期	知识
万物研究所·第七期	科学科普
万物研究所·第七期	流行音乐
万物研究所·第七期	学习
万物研究所·第七期	华语音乐
万物研究所·第七期	数据
万物研究所·第七期	研究
万物研究所·第七期	傅里叶变换
万物研究所·第七期	深度学习
万物研究所	生物
万物研究所	科学
万物研究所	科普
万物研究所	知识
万物研究所	科学科普
万物研究所	自然
万物研究所	万物研究所·第十期
万物研究所	鉴定
万物研究所·第七期	万物研究所
万物研究所·第七期	数据可视化
万物研究所·第七期	冷知识
万物研究所·第七期	科普
万物研究所·第七期	知识
万物研究所·第七期	科学科普
万物研究所·第七期	趣闻
万物研究所·第七期	奇葩
万物研究所·第七期	心理
万物研究所·第七期	变态
万物研究所·第七期	人类
万物研究所·第七期	癖好
万物研究所·第七期	卫生
万物研究所	生物
万物研究所	科学
万物研究所	科普
万物研究所	知识
万物研究所	科学科普
万物研究所	自然
万物研究所	万物研究所·第十期
万物研究所	鉴定
万物研究所·第七期	新年要有新知识
万物研究所·第七期	健康
万物研究所·第七期	考试
万物研究所·第七期	知识
万物研究所·第七期	科学科普
万物研究所·第七期	北大医生
万物研究所·第七期	临床
万物研究所·第七期	医学生
万物研究所·第七期	医学知识
万物研究所·第七期	疑难杂症
万物研究所·第七期	新英格兰杂志
万物研究所·第七期	呼吸科
新年要有新知识	科普
新年要有新知识	知识
新年要有新知识	科学科普
新年要有新知识	万物研究所·第七期
万物研究所·第七期	新年要有新知识
万物研究所·第七期	知识
万物研究所·第七期	科学科普
新年要有新知识	科普
新年要有新知识	知识
新年要有新知识	科学科普
新年要有新知识	万物研究所·第七期
万物研究所·第七期	网络热门鉴定
万物研究所·第七期	科学
万物研究所·第七期	科普
万物研究所·第七期	知识
万物研究所·第七期	科学科普
万物研究所·第七期	原理
万物研究所·第七期	物理
万物研究所·第七期	电路
万物研究所·第七期	吸管
万物研究所·第七期	可达鸭
网络热门鉴定	生物
网络热门鉴定	原创歌曲
网络热门鉴定	科普
网络热门鉴定	知识
网络热门鉴定	科学科普
网络热门鉴定	奇妙生物大赏
网络热门鉴定	原创音乐
网络热门鉴定	自然
网络热门鉴定	知识
网络热门鉴定	音乐
网络热门鉴定	科学科普
深度学习	技术宅的夏天
深度学习	人工智能
深度学习	科学
深度学习	科技
深度学习	软件应用
深度学习	神经网络
深度学习	机器学习
深度学习	Python
深度学习	卷积神经网络
深度学习	PyTorch
深度学习	深度学习入门
深度学习	深度学习实战
深度学习	深度学习算法
技术宅的夏天	摄影
技术宅的夏天	科技
技术宅的夏天	数码
技术宅的夏天	数码
技术宅的夏天	小清新
技术宅的夏天	夏天
技术宅的夏天	夏日
技术宅的夏天	乡村
技术宅的夏天	治愈系
技术宅的夏天	科技猎手计划2022第二季
深度学习	人工智能
深度学习	知识
深度学习	校园学习
深度学习	ANG
深度学习	吴恩达
人工智能	计算机
人工智能	科学
人工智能	科技
人工智能	计算机技术
人工智能	AI
人工智能	神经网络
人工智能	机器学习
人工智能	计算机视觉
人工智能	深度学习
人工智能	OpenCV
人工智能	人工智能课程
人工智能	人工智能实战
深度学习	知识
深度学习	校园学习
知识	社会洞察计划
知识	冷知识
知识	高考
知识	人文
知识	科普
知识	搞笑
知识	社科·法律·心理
知识	趣闻
知识	星海计划
知识	学习
知识	干货
知识	大力王
知识	心理学知识
深度学习	科技
深度学习	计算机技术
深度学习	神经网络
深度学习	CNN卷积神经网络
深度学习	神经网络与深度学习
深度学习	RNN循环神经网络
深度学习	神经网络模型
深度学习	GAN对抗生成网络
深度学习	神经网络算法
深度学习	递归神经网络
深度学习	PYTORCH
深度学习	深度学习算法
科技	万物研究所
科技	知识
科技	科学科普
科技	科学史
科技	人类史
科技	FOXP2
科技	工具
科技	原始人
科技	智人
科技	科技史
科技	走出非洲
科技	尼安德特人
科技	万物研究所·第九期
深度学习	计算机
深度学习	人工智能
深度学习	科学
深度学习	科技
深度学习	计算机技术
深度学习	AI
深度学习	神经网络
深度学习	计算机视觉
深度学习	机器学习
深度学习	OpenCV
深度学习	人工智能课程
深度学习	人工智能实战
计算机	考试
计算机	科技
计算机	计算机技术
计算机	科技
计算机	专升本
计算机	课程
计算机	教程
计算机	学习必备
计算机	乾坤未定，你我皆是黑马！
计算机	加油，少年郎！
计算机	经验分享
计算机	学习心得
万物研究所	眼镜
万物研究所	医学
万物研究所	健康
万物研究所	科普
万物研究所	搞笑
万物研究所	知识
万物研究所	科学科普
万物研究所	医案寻踪
万物研究所	近视
万物研究所	骗局
万物研究所	沙雕
万物研究所	万物研究所·2022第五期
万物研究所	生物
万物研究所	科学
万物研究所	科普
万物研究所	知识
万物研究所	科学科普
万物研究所	自然
万物研究所	万物研究所·第十期
万物研究所	鉴定
万物研究所	生物
万物研究所	科学
万物研究所	科普
万物研究所	知识
万物研究所	科学科普
万物研究所	自然
万物研究所	万物研究所·第十期
万物研究所	鉴定
万物研究所	人工智能
万物研究所	互联网
万物研究所	知识
万物研究所	科学科普
万物研究所	流行音乐
万物研究所	学习
万物研究所	华语音乐
万物研究所	研究
万物研究所	数据
万物研究所	傅里叶变换
万物研究所	万物研究所·第七期
万物研究所	深度学习
万物研究所	生物
万物研究所	科学
万物研究所	科普
万物研究所	知识
万物研究所	科学科普
万物研究所	自然
万物研究所	万物研究所·第十期
万物研究所	鉴定
万物研究所	灾难
万物研究所	科普
万物研究所	知识
万物研究所	科学科普
万物研究所	非洲
万物研究所	知识
万物研究所	万物研究所·第十期
万物研究所	病毒
万物研究所	瘟疫
万物研究所	埃博拉病毒
万物研究所	疾病
万物研究所	生物
万物研究所	科学
万物研究所	科普
万物研究所	知识
万物研究所	科学科普
万物研究所	自然
万物研究所	万物研究所·第十期
万物研究所	鉴定
万物研究所	眼镜
万物研究所	医学
万物研究所	健康
万物研究所	科普
万物研究所	搞笑
万物研究所	知识
万物研究所	科学科普
万物研究所	医案寻踪
万物研究所	沙雕
万物研究所	骗局
万物研究所	近视
万物研究所	万物研究所·2022第五期
万物研究所	生物
万物研究所	科学
万物研究所	科普
万物研究所	知识
万物研究所	科学科普
万物研究所	自然
万物研究所	万物研究所·第十期
万物研究所	鉴定
万物研究所	科学
万物研究所	知识
万物研究所	科学科普
万物研究所	几何
万物研究所	万物研究所·第十期
万物研究所	生物
万物研究所	科学
万物研究所	科普
万物研究所	知识
万物研究所	科学科普
万物研究所	自然
万物研究所	万物研究所·第十期
万物研究所	鉴定
眼镜	开学焕新妆
眼镜	时尚
眼镜	美妆护肤
眼镜	UP！新学期
眼镜	雷区
眼镜	干货
眼镜	分享
眼镜	配镜
开学焕新妆	日常妆
开学焕新妆	美妆
开学焕新妆	时尚
开学焕新妆	美妆护肤
开学焕新妆	UP！新学期
开学焕新妆	日常妆容
开学焕新妆	化妆技巧
开学焕新妆	新手化妆
眼镜	星计划
眼镜	杨超越
眼镜	赵露思
眼镜	时尚
眼镜	美妆护肤
眼镜	颜值
眼镜	挑选眼镜
眼镜	干货
眼镜	五官
眼镜	审美
眼镜	变美
眼镜	眼镜框
星计划	崩坏：星穹铁道创作者激励计划
星计划	崩坏：星穹铁道
星计划	动画
星计划	短片·手书·配音
星计划	暗猫
星计划	镜流
星计划	景元
星计划	喵太社
星计划	通往群星的轨道
眼镜	服饰
眼镜	时尚
眼镜	穿搭
眼镜	穿搭公式
眼镜	眼镜挑选
眼镜	男生穿搭教程
眼镜	购物指南
眼镜	穿搭分享
眼镜	穿搭教程
眼镜	复古穿搭
眼镜	男士眼镜
眼镜	男生配饰
服饰	时尚穿搭有态度
服饰	中国风
服饰	穿搭
服饰	人文
服饰	时尚
服饰	穿搭
服饰	文化
服饰	中国
服饰	颜值
服饰	民族
服饰	少数民族
服饰	民族服饰
服饰	2022时尚年度盘点
眼镜	科学
眼镜	健康
眼镜	科普
眼镜	知识
眼镜	科学科普
眼镜	知识分享官
眼镜	视力
眼镜	开学焕新妆
眼镜	时尚
眼镜	美妆护肤
眼镜	UP！新学期
眼镜	干货
眼镜	分享
眼镜	雷区
眼镜	配镜
眼镜	春日穿搭指南
眼镜	种草
眼镜	服饰
眼镜	时尚
眼镜	穿搭
眼镜	服装搭配
眼镜	搭配
眼镜	拯救丑衣服
眼镜	眼睛
眼镜	镜框
春日穿搭指南	服饰
春日穿搭指南	时尚
春日穿搭指南	穿搭
春日穿搭指南	搭配
春日穿搭指南	服饰搭配
春日穿搭指南	自制
春日穿搭指南	服装搭配
春日穿搭指南	时尚
春日穿搭指南	FASHION
春日穿搭指南	配色
春日穿搭指南	时尚穿搭
春日穿搭指南	晒晒我的超高清视频
医学	英语听力
医学	英语口语
医学	科学
医学	科普
医学	知识
医学	校园学习
医学	生物学
医学	英语单词
医学	解剖学
医学	医学英语
英语听力	英语口语
英语听力	英语学习
英语听力	英语
英语听力	知识
英语听力	校园学习
英语听力	学习
医学	学习帮帮团
医学	知识
医学	校园学习
医学	临床医学
医学	西医综合
医学	医学考研
医学	诊断公式
医学	学习帮帮团2022第二季
学习帮帮团	高考
学习帮帮团	英语
学习帮帮团	考试
学习帮帮团	知识
学习帮帮团	校园学习
学习帮帮团	学习
学习帮帮团	教育
学习帮帮团	数学
学习帮帮团	大学
学习帮帮团	物理
学习帮帮团	高中
医学	新学期的正确打开方式
医学	知识
医学	校园学习
医学	学习
医学	大学
医学	临床医学
医学	医学生
医学	影像
医学	推荐网站
医学	学习帮帮团2022第二季
新学期的正确打开方式	音乐合伙人联盟企划
新学期的正确打开方式	手书
新学期的正确打开方式	国风音乐
新学期的正确打开方式	文学
新学期的正确打开方式	原创歌曲
新学期的正确打开方式	绘画
新学期的正确打开方式	音乐
新学期的正确打开方式	原创音乐
新学期的正确打开方式	怀民亦未寝
新学期的正确打开方式	苏轼
新学期的正确打开方式	语文
新学期的正确打开方式	学生党
医学	知识
医学	校园学习
医学	医学英语 人体解剖学和生理学
知识	社会洞察计划
知识	冷知识
知识	高考
知识	人文
知识	科普
知识	搞笑
知识	社科·法律·心理
知识	趣闻
知识	星海计划
知识	学习
知识	干货
知识	大力王
知识	心理学知识
医学	英语听力
医学	英语口语
医学	生物
医学	知识
医学	校园学习
医学	英语单词
医学	解剖
医学	临床医学
医学	病理学
医学	医学英语
医学	药理学
英语听力	英语口语
英语听力	英语学习
英语听力	英语
英语听力	知识
英语听力	校园学习
英语听力	学习
健康	科普
健康	知识
健康	科学科普
健康	趣闻
健康	原创
健康	生命
健康	#知识分享官
健康	健康养生
健康	涨知识
健康	生活方式
健康	科普
健康	知识
健康	科学科普
健康	趣闻
健康	原创
健康	生命
健康	#知识分享官
健康	涨知识
健康	生活方式
健康	健康养生
健康	科学
健康	科普
健康	知识
健康	野生技能协会
健康	饮食
健康	知识
健康	健康生活
健康	健康饮食
健康	养生
健康	轻食
健康	健康食谱
健康	营养学
科学	天文
科学	地理
科学	生物
科学	科普
科学	知识
科学	科学科普
科学	化学
科学	量子
科学	自然
科学	祖师爷
科学	全能打卡挑战
健康	美好生活日常记录
健康	冷知识
健康	科普
健康	生活
健康	日常
健康	趣闻
健康	知识
健康	健康冷知识
健康	分享
健康	谣言
健康	涨知识
健康	养生
健康	新年快乐，好久不见！
美好生活日常记录	摄影
美好生活日常记录	生活
美好生活日常记录	出行
美好生活日常记录	童年回忆杀
美好生活日常记录	音乐
美好生活日常记录	童年
美好生活日常记录	夏天
美好生活日常记录	生活记录
美好生活日常记录	风景
美好生活日常记录	记录
美好生活日常记录	mv
美好生活日常记录	新年快乐，好久不见！
健康	万物研究所
健康	医学
健康	早餐
健康	减肥
健康	美国
健康	美食
健康	搞笑
健康	知识
健康	科学科普
健康	资本
健康	沙雕
健康	万物研究所·第九期
万物研究所	生物
万物研究所	科学
万物研究所	科普
万物研究所	知识
万物研究所	科学科普
万物研究所	自然
万物研究所	万物研究所·第十期
万物研究所	鉴定
健康	2023健身FLAG
健康	运动
健康	健身
健康	生活
健康	运动
健康	饮食
健康	睡眠
健康	锻炼
健康	养生
健康	心理健康
健康	身体健康
2023健身FLAG	瑜伽
2023健身FLAG	歪果仁
2023健身FLAG	健身
2023健身FLAG	体育
2023健身FLAG	搞笑
2023健身FLAG	运动
2023健身FLAG	健身
2023健身FLAG	帅哥
2023健身FLAG	娱乐
2023健身FLAG	篮球
2023健身FLAG	长高
科普	宇宙
科普	历史
科普	人文
科普	影视
科普	影视杂谈
科普	影视指南官
科普	社会
科普	纪录片
科普	自我提升
科普	打卡挑战
科普	影娱哔哔官
宇宙	天文
宇宙	科学
宇宙	科普
宇宙	知识
宇宙	科学科普
宇宙	太空
宇宙	星系
宇宙	探索
宇宙	光速
科普	社会观察局
科普	心理学
科普	知识
科普	社科·法律·心理
科普	学习
科普	校园
科普	多巴胺
科普	动力
科普	自律
科普	戒瘾
科普	科学科普
科普	内耗
科普	社科人文分享官·第二期
社会观察局	说说心理话
社会观察局	心理学
社会观察局	知识
社会观察局	社科·法律·心理
社会观察局	社会
社会观察局	学习
社会观察局	自制
社会观察局	读书
社会观察局	原创
社会观察局	心理
科普	社会观察局
科普	职场
科普	知识
科普	社科·法律·心理
科普	学习
科普	心理
科普	成熟
科普	社交
科普	人际关系
科普	沟通
科普	科学科普
科普	内心强大
社会观察局	说说心理话
社会观察局	心理学
社会观察局	知识
社会观察局	社科·法律·心理
社会观察局	读书
社会观察局	原创
社会观察局	心理
社会观察局	社会
社会观察局	自制
社会观察局	学习
科普	ChatGPT研究所
科普	计算机
科普	人工智能
科普	科学
科普	知识
科普	科学科普
科普	科技
科普	数学
科普	AI
科普	原理
科普	知识
科普	万物研究所·第十期
ChatGPT研究所	人工智能
ChatGPT研究所	知识
ChatGPT研究所	校园学习
ChatGPT研究所	科技
ChatGPT研究所	AI
ChatGPT研究所	学习
ChatGPT研究所	ChatGPT
ChatGPT研究所	生产力
ChatGPT研究所	GPT
ChatGPT研究所	AI技能
ChatGPT研究所	AIGC
ChatGPT研究所	2023科学很可爱
科普	万物研究所
科普	三体
科普	科学
科普	知识
科普	科学科普
科普	知识
科普	物理
科普	科技
科普	人列计算机
科普	工作原理
科普	芯片
科普	万物研究所·第八期
万物研究所	生物
万物研究所	科学
万物研究所	科普
万物研究所	知识
万物研究所	科学科普
万物研究所	自然
万物研究所	万物研究所·第十期
万物研究所	鉴定
搞笑	搞笑研究所
搞笑	是在下输了
搞笑	万恶之源
搞笑	生活
搞笑	搞笑研究所8.0
搞笑	名场面
搞笑	监控
搞笑研究所	搞笑
搞笑研究所	生活
搞笑研究所	搞笑
搞笑研究所	魔性
搞笑研究所	高能
搞笑研究所	娱乐
搞笑研究所	原创
搞笑研究所	逗比
搞笑研究所	吐槽
搞笑研究所	搞笑研究所6.0
搞笑研究所	挑战
搞笑研究所	沙雕
搞笑	生活
搞笑	娱乐
搞笑	段子
搞笑	名场面
搞笑	搞笑研究所
搞笑	是在下输了
搞笑	万恶之源
搞笑	生活
搞笑	搞笑研究所8.0
搞笑	名场面
搞笑	监控
搞笑	娱乐
搞笑	娱乐杂谈
搞笑	爆笑
搞笑	谭谈交通
搞笑	名场面
搞笑	爆笑名场面
搞笑	搞笑研究所
搞笑	是在下输了
搞笑	万恶之源
搞笑	生活
搞笑	搞笑研究所8.0
搞笑	名场面
搞笑	监控
搞笑	搞笑研究所
搞笑	配音
搞笑	生活
搞笑	逗比
搞笑	娱乐
搞笑	生活
搞笑	搞笑集锦
搞笑	奇葩
搞笑	搞笑研究所9.0
搞笑	笑死人不偿命
搞笑	沙雕视频
搞笑研究所	搞笑
搞笑研究所	生活
搞笑研究所	搞笑
搞笑研究所	魔性
搞笑研究所	高能
搞笑研究所	原创
搞笑研究所	逗比
搞笑研究所	娱乐
搞笑研究所	吐槽
搞笑研究所	搞笑研究所6.0
搞笑研究所	沙雕
搞笑研究所	挑战
搞笑	搞笑研究所
搞笑	配音
搞笑	生活
搞笑	同人配音
搞笑	搞笑集锦
搞笑	奇葩
搞笑	恶搞配音
搞笑	逗比
搞笑	生活
搞笑	娱乐
搞笑	搞笑研究所9.0
搞笑	笑死人不偿命
搞笑	沙雕视频
搞笑研究所	搞笑
搞笑研究所	生活
搞笑研究所	搞笑
搞笑研究所	魔性
搞笑研究所	娱乐
搞笑研究所	原创
搞笑研究所	高能
搞笑研究所	逗比
搞笑研究所	吐槽
搞笑研究所	搞笑研究所6.0
搞笑研究所	沙雕
搞笑研究所	挑战
知识	社会洞察计划
知识	冷知识
知识	高考
知识	人文
知识	科普
知识	搞笑
知识	社科·法律·心理
知识	趣闻
知识	星海计划
知识	学习
知识	干货
知识	大力王
知识	心理学知识
社会洞察计划	公益
社会洞察计划	知识
社会洞察计划	社科·法律·心理
社会洞察计划	星海计划
社会洞察计划	社会
社会洞察计划	教育
社会洞察计划	学习
社会洞察计划	大学生
社会洞察计划	公平
社会洞察计划	寒门子弟
知识	冷知识
知识	科普
知识	生活
知识	日常
知识	趣闻
知识	伪常识
知识	伪知识
知识	辟谣
知识	颠覆
知识	谣言
知识	好奇心计划
知识	常识
冷知识	动物观察局
冷知识	科普
冷知识	动物圈
冷知识	动物二创
冷知识	趣闻
冷知识	猴子
冷知识	猴干
冷知识	母猴
冷知识	灵长类
冷知识	动物观察局21.0 小动物集合啦
知识	学习帮帮团
知识	高考
知识	校园学习
知识	教育
知识	大学
知识	学习
知识	经验分享
知识	背书
知识	学习心得
学习帮帮团	高考
学习帮帮团	英语
学习帮帮团	考试
学习帮帮团	知识
学习帮帮团	校园学习
学习帮帮团	学习
学习帮帮团	大学
学习帮帮团	数学
学习帮帮团	物理
学习帮帮团	教育
学习帮帮团	高中
知识	英语听力
知识	英语口语
知识	英语学习
知识	英语
知识	校园学习
知识	学习
英语听力	英语口语
英语听力	英语学习
英语听力	英语
英语听力	知识
英语听力	校园学习
英语听力	学习
知识	我们都爱搞学习
知识	生物
知识	高考
知识	校园学习
知识	经验分享
知识	高中生物
知识	复习
知识	高中
知识	学习心得
知识	我们都爱搞学习·第二期
我们都爱搞学习	高考
我们都爱搞学习	考试
我们都爱搞学习	知识
我们都爱搞学习	校园学习
我们都爱搞学习	大学
我们都爱搞学习	学习
我们都爱搞学习	校园
我们都爱搞学习	学生党
我们都爱搞学习	经验分享
我们都爱搞学习	摆烂
我们都爱搞学习	学习心得
我们都爱搞学习	我们都爱搞学习·第二期
科学科普	万物研究所
科学科普	天文
科学科普	科学
科学科普	科普
科学科普	知识
科学科普	物理
万物研究所	生物
万物研究所	科学
万物研究所	科普
万物研究所	知识
万物研究所	科学科普
万物研究所	自然
万物研究所	万物研究所·第十期
万物研究所	鉴定
科学科普	万物研究所
科学科普	宇宙
科学科普	科学
科学科普	科普
科学科普	知识
科学科普	休谟问题
科学科普	贝叶斯主义
科学科普	万物研究所·第十期
科学科普	进化论
科学科普	奥卡姆剃刀
科学科普	科学哲学
科学科普	贝叶斯
万物研究所	生物
万物研究所	科学
万物研究所	科普
万物研究所	知识
万物研究所	科学科普
万物研究所	自然
万物研究所	万物研究所·第十期
万物研究所	鉴定
科学科普	天文
科学科普	地理
科学科普	生物
科学科普	科学
科学科普	科普
科学科普	知识
科学科普	化学
科学科普	量子
科学科普	自然
科学科普	祖师爷
科学科普	全能打卡挑战
天文	知识
天文	科学科普
天文	天文学
科学科普	科学
科学科普	科普
科学科普	动画
科学科普	综合
科学科普	有趣
科学科普	益智
科学科普	小学科学
科学	天文
科学	地理
科学	生物
科学	科普
科学	知识
科学	科学科普
科学	化学
科学	自然
科学	量子
科学	祖师爷
科学	全能打卡挑战
科学科普	生物
科学科普	科学
科学科普	科普
科学科普	知识
科学科普	自然
科学科普	学习
科学科普	大脑
科学科普	脑科学
科学科普	科学原理
科学科普	刻意练习
生物	我们都爱搞学习
生物	高考
生物	知识
生物	校园学习
生物	知识
生物	复习
生物	高中
生物	高中生物
生物	经验分享
生物	学习心得
生物	我们都爱搞学习·第二期
医案寻踪	万物研究所
医案寻踪	医学
医案寻踪	早餐
医案寻踪	减肥
医案寻踪	美国
医案寻踪	健康
医案寻踪	美食
医案寻踪	搞笑
医案寻踪	知识
医案寻踪	科学科普
医案寻踪	沙雕
医案寻踪	资本
医案寻踪	万物研究所·第九期
万物研究所	生物
万物研究所	科学
万物研究所	科普
万物研究所	知识
万物研究所	科学科普
万物研究所	自然
万物研究所	万物研究所·第十期
万物研究所	鉴定
医案寻踪	万物研究所
医案寻踪	眼镜
医案寻踪	医学
医案寻踪	健康
医案寻踪	科普
医案寻踪	搞笑
医案寻踪	知识
医案寻踪	科学科普
医案寻踪	近视
医案寻踪	骗局
医案寻踪	沙雕
医案寻踪	万物研究所·2022第五期
万物研究所	生物
万物研究所	科学
万物研究所	科普
万物研究所	知识
万物研究所	科学科普
万物研究所	自然
万物研究所	万物研究所·第十期
万物研究所	鉴定
医案寻踪	万物研究所
医案寻踪	医学
医案寻踪	健康
医案寻踪	搞笑
医案寻踪	知识
医案寻踪	科学科普
医案寻踪	弱碱水
医案寻踪	沙雕
医案寻踪	资本
医案寻踪	通风
医案寻踪	碱性食物
医案寻踪	万物研究所2022第三期
万物研究所	生物
万物研究所	科学
万物研究所	科普
万物研究所	知识
万物研究所	科学科普
万物研究所	自然
万物研究所	万物研究所·第十期
万物研究所	鉴定
医案寻踪	万物研究所
医案寻踪	医学
医案寻踪	健康
医案寻踪	vlog
医案寻踪	搞笑
医案寻踪	知识
医案寻踪	科学科普
医案寻踪	肥胖
医案寻踪	沙雕
医案寻踪	无糖饮料
医案寻踪	无糖可乐
医案寻踪	抗糖
万物研究所	生物
万物研究所	科学
万物研究所	科普
万物研究所	知识
万物研究所	科学科普
万物研究所	自然
万物研究所	万物研究所·第十期
万物研究所	鉴定
医案寻踪	万物研究所
医案寻踪	医学
医案寻踪	健康
医案寻踪	科普
医案寻踪	搞笑
医案寻踪	知识
医案寻踪	科学科普
医案寻踪	趣闻
医案寻踪	牛奶
医案寻踪	沙雕
医案寻踪	辟谣
医案寻踪	乳糖不耐受
医案寻踪	万物研究所2022第二季
万物研究所	生物
万物研究所	科学
万物研究所	科普
万物研究所	知识
万物研究所	科学科普
万物研究所	自然
万物研究所	万物研究所·第十期
万物研究所	鉴定
近视	万物研究所
近视	眼镜
近视	医学
近视	健康
近视	科普
近视	搞笑
近视	知识
近视	科学科普
近视	医案寻踪
近视	沙雕
近视	骗局
近视	万物研究所·2022第五期
万物研究所	生物
万物研究所	科学
万物研究所	科普
万物研究所	知识
万物研究所	科学科普
万物研究所	自然
万物研究所	万物研究所·第十期
万物研究所	鉴定
近视	生物
近视	科学
近视	健康
近视	科普
近视	知识
近视	科学科普
近视	实验
近视	自然
近视	生命
近视	神经
近视	遗传
生物	我们都爱搞学习
生物	高考
生物	知识
生物	校园学习
生物	知识
生物	经验分享
生物	高中
生物	复习
生物	高中生物
生物	学习心得
生物	我们都爱搞学习·第二期
近视	科学
近视	知识
近视	科学科普
近视	演示
近视	眼睛
科学	天文
科学	地理
科学	生物
科学	科普
科学	知识
科学	科学科普
科学	化学
科学	量子
科学	自然
科学	祖师爷
科学	全能打卡挑战
近视	健康
近视	知识
近视	科学科普
近视	眼睛
近视	高度近视
近视	白内障
近视	老花眼
近视	散光
近视	斜视
近视	近视眼镜
近视	儿童近视
健康	科普
健康	知识
健康	科学科普
健康	趣闻
健康	生命
健康	原创
健康	#知识分享官
健康	生活方式
健康	健康养生
健康	涨知识
近视	和我一起唱歌吧
近视	眼镜
近视	原创歌曲
近视	搞笑
近视	音乐
近视	原创音乐
近视	不修音挑战赛
近视	眼睛
近视	音乐相声
和我一起唱歌吧	翻唱挑战赛
和我一起唱歌吧	翻唱
和我一起唱歌吧	音乐
和我一起唱歌吧	翻唱
和我一起唱歌吧	听歌
和我一起唱歌吧	好听
和我一起唱歌吧	治愈
和我一起唱歌吧	伤感
和我一起唱歌吧	和我一起唱歌吧4.0
骗局	我生命里的一分钟
骗局	生活
骗局	日常
骗局	女生
骗局	深夜
骗局	正能量
骗局	吐槽
骗局	拐卖
骗局	人贩子
骗局	诈骗
骗局	安全
我生命里的一分钟	随手记录我的生活碎片
我生命里的一分钟	生活
我生命里的一分钟	搞笑
骗局	故事档案馆
骗局	知识
骗局	社科·法律·心理
骗局	打卡挑战
故事档案馆	第五人格
故事档案馆	游戏
故事档案馆	手机游戏
故事档案馆	手机游戏
故事档案馆	剧情
故事档案馆	原创
故事档案馆	剧情解析
故事档案馆	园丁
骗局	人文
骗局	知识
骗局	社科·法律·心理
骗局	网络
骗局	原创
骗局	社会
骗局	隐私
骗局	诈骗
骗局	网络安全
骗局	案件
人文	用知识过好新的一年
人文	考试
人文	知识
人文	校园学习
人文	学习
人文	纪录片
人文	作文
人文	寒假
人文	高中
人文	语文
人文	作文素材
人文	我在B站跨年
骗局	一起记录2022
骗局	生活
骗局	三农
骗局	骗子
骗局	生活记录
骗局	诈骗
骗局	防骗
骗局	我在B站做UP主
一起记录2022	记录我的2022
一起记录2022	情侣
一起记录2022	旅游
一起记录2022	vlog
一起记录2022	生活
一起记录2022	日常
一起记录2022	520
一起记录2022	回忆
一起记录2022	生活记录
一起记录2022	#吐槽
一起记录2022	我在B站跨年
骗局	1分钟学个知识点
骗局	知识
骗局	社科·法律·心理
骗局	普法
骗局	防骗
1分钟学个知识点	生活
1分钟学个知识点	日常
沙雕	生活
沙雕	搞笑
沙雕	娱乐
沙雕	小学生沙雕作文
沙雕	作文
沙雕	小学生
沙雕	离谱
沙雕	沙雕作文
沙雕	搞笑吐槽
生活	春日迷影电影院
生活	美国电影
生活	电影解说
生活	影视
生活	影视杂谈
生活	励志
生活	亲情
生活	电影
生活	白日梦想家
生活	影娱新春游园会
沙雕	人类迷惑行为
沙雕	搞笑
沙雕	生活
沙雕	搞笑
沙雕	全程高能
沙雕	逗比
沙雕	剪辑
沙雕	搞笑视频
沙雕	魔性
沙雕	快乐源泉
沙雕	沙雕视频
人类迷惑行为	是在下输了
人类迷惑行为	万恶之源
人类迷惑行为	萌娃
人类迷惑行为	搞笑
人类迷惑行为	生活
人类迷惑行为	搞笑
人类迷惑行为	搞笑剪辑
人类迷惑行为	搞笑视频
人类迷惑行为	全程高能
人类迷惑行为	魔性
人类迷惑行为	逗比
人类迷惑行为	奇葩
人类迷惑行为	沙雕
沙雕	生活
沙雕	搞笑
沙雕	男孩
沙雕	图鉴
生活	春日迷影电影院
生活	美国电影
生活	电影解说
生活	影视
生活	影视杂谈
生活	励志
生活	电影
生活	亲情
生活	白日梦想家
生活	影娱新春游园会
沙雕	鬼畜大赏
沙雕	沙雕广告
沙雕	动感视频
沙雕	鬼畜调教
沙雕	RAP
沙雕	说唱
沙雕	鬼畜
沙雕	搞笑
沙雕	鬼畜
沙雕	鬼畜调教
沙雕	鬼畜大赏2020-鬼畜调教
沙雕	洗脑循环
沙雕	搞笑视频
沙雕	bilibili新星计划
鬼畜大赏	歪嘴战神
鬼畜大赏	沙雕广告
鬼畜大赏	鬼畜调教
鬼畜大赏	RAP
鬼畜大赏	说唱
鬼畜大赏	鬼畜
鬼畜大赏	搞笑
鬼畜大赏	鬼畜
鬼畜大赏	鬼畜调教
鬼畜大赏	鬼畜大赏2020-鬼畜调教
鬼畜大赏	鬼畜调教赛道
鬼畜大赏	广告
鬼畜大赏	恶搞
鬼畜大赏	沙雕
鬼畜大赏	喜之郎
沙雕	万恶之源
沙雕	AMV
沙雕	MAD
沙雕	搞笑
沙雕	动画
沙雕	MAD·AMV
沙雕	MAD.AMV
沙雕	多素材
沙雕	论BGM的重要性
沙雕	动漫
沙雕	动画
沙雕	自制
沙雕	综漫
万恶之源	王境泽
万恶之源	波澜哥
万恶之源	面筋哥
万恶之源	梁非凡
万恶之源	鬼畜素材
万恶之源	经典
万恶之源	真香
万物研究所·2022第五期	万物研究所
万物研究所·2022第五期	科学
万物研究所·2022第五期	科普
万物研究所·2022第五期	知识
万物研究所·2022第五期	科学科普
万物研究所·2022第五期	自然
万物研究所·2022第五期	鉴定
万物研究所	生物
万物研究所	科学
万物研究所	科普
万物研究所	知识
万物研究所	科学科普
万物研究所	自然
万物研究所	万物研究所·第十期
万物研究所	鉴定
万物研究所·2022第五期	万物研究所
万物研究所·2022第五期	知识
万物研究所·2022第五期	校园学习
万物研究所·2022第五期	数学
万物研究所·2022第五期	虚数
万物研究所·2022第五期	初中
万物研究所·2022第五期	三次方程
万物研究所	生物
万物研究所	科学
万物研究所	科普
万物研究所	知识
万物研究所	科学科普
万物研究所	自然
万物研究所	万物研究所·第十期
万物研究所	鉴定
万物研究所·2022第五期	正经的知识又增加了
万物研究所·2022第五期	科学
万物研究所·2022第五期	公开课
万物研究所·2022第五期	知识
万物研究所·2022第五期	科学科普
万物研究所·2022第五期	中科院
万物研究所·2022第五期	电池
万物研究所·2022第五期	材料
万物研究所·2022第五期	科研
万物研究所·2022第五期	电化学
万物研究所·2022第五期	电解液
正经的知识又增加了	冷知识
正经的知识又增加了	宇宙
正经的知识又增加了	生物
正经的知识又增加了	科普
正经的知识又增加了	知识
正经的知识又增加了	科学科普
正经的知识又增加了	趣闻
正经的知识又增加了	猎奇
正经的知识又增加了	小技巧
正经的知识又增加了	实验
正经的知识又增加了	生命
正经的知识又增加了	自然
正经的知识又增加了	有趣
万物研究所·2022第五期	正经的知识又增加了
万物研究所·2022第五期	科学
万物研究所·2022第五期	知识
万物研究所·2022第五期	科学科普
万物研究所·2022第五期	百家讲坛
万物研究所·2022第五期	锂电之父
万物研究所·2022第五期	电池
万物研究所·2022第五期	浙江大学
万物研究所·2022第五期	锂电池
正经的知识又增加了	冷知识
正经的知识又增加了	宇宙
正经的知识又增加了	生物
正经的知识又增加了	科普
正经的知识又增加了	知识
正经的知识又增加了	科学科普
正经的知识又增加了	趣闻
正经的知识又增加了	自然
正经的知识又增加了	有趣
正经的知识又增加了	猎奇
正经的知识又增加了	小技巧
正经的知识又增加了	实验
正经的知识又增加了	生命
万物研究所·2022第五期	正经的知识又增加了
万物研究所·2022第五期	知识
万物研究所·2022第五期	科学科普
正经的知识又增加了	冷知识
正经的知识又增加了	宇宙
正经的知识又增加了	生物
正经的知识又增加了	科普
正经的知识又增加了	知识
正经的知识又增加了	科学科普
正经的知识又增加了	趣闻
正经的知识又增加了	有趣
正经的知识又增加了	生命
正经的知识又增加了	猎奇
正经的知识又增加了	自然
正经的知识又增加了	实验
正经的知识又增加了	小技巧
万物研究所	灾难
万物研究所	科普
万物研究所	知识
万物研究所	科学科普
万物研究所	非洲
万物研究所	知识
万物研究所	万物研究所·第十期
万物研究所	埃博拉病毒
万物研究所	病毒
万物研究所	瘟疫
万物研究所	疾病
万物研究所	生物
万物研究所	科学
万物研究所	科普
万物研究所	知识
万物研究所	科学科普
万物研究所	自然
万物研究所	万物研究所·第十期
万物研究所	鉴定
万物研究所	生物
万物研究所	科学
万物研究所	科普
万物研究所	知识
万物研究所	科学科普
万物研究所	自然
万物研究所	万物研究所·第十期
万物研究所	鉴定
万物研究所	人工智能
万物研究所	互联网
万物研究所	知识
万物研究所	科学科普
万物研究所	学习
万物研究所	流行音乐
万物研究所	华语音乐
万物研究所	研究
万物研究所	数据
万物研究所	傅里叶变换
万物研究所	万物研究所·第七期
万物研究所	深度学习
万物研究所	生物
万物研究所	科学
万物研究所	科普
万物研究所	知识
万物研究所	科学科普
万物研究所	自然
万物研究所	万物研究所·第十期
万物研究所	鉴定
万物研究所	灾难
万物研究所	科普
万物研究所	知识
万物研究所	科学科普
万物研究所	非洲
万物研究所	知识
万物研究所	万物研究所·第十期
万物研究所	瘟疫
万物研究所	病毒
万物研究所	埃博拉病毒
万物研究所	疾病
万物研究所	生物
万物研究所	科学
万物研究所	科普
万物研究所	知识
万物研究所	科学科普
万物研究所	自然
万物研究所	万物研究所·第十期
万物研究所	鉴定
万物研究所	眼镜
万物研究所	医学
万物研究所	健康
万物研究所	科普
万物研究所	搞笑
万物研究所	知识
万物研究所	科学科普
万物研究所	医案寻踪
万物研究所	沙雕
万物研究所	近视
万物研究所	骗局
万物研究所	万物研究所·2022第五期
万物研究所	生物
万物研究所	科学
万物研究所	科普
万物研究所	知识
万物研究所	科学科普
万物研究所	自然
万物研究所	万物研究所·第十期
万物研究所	鉴定
万物研究所	科学
万物研究所	知识
万物研究所	科学科普
万物研究所	几何
万物研究所	万物研究所·第十期
万物研究所	生物
万物研究所	科学
万物研究所	科普
万物研究所	知识
万物研究所	科学科普
万物研究所	自然
万物研究所	万物研究所·第十期
万物研究所	鉴定
灾难	知识
灾难	科学科普
灾难	末日
灾难	美国龙卷风
灾难	#自然灾害
灾难	天花
灾难	火山爆发
灾难	日本大地震
灾难	鼠疫
灾难	海啸
灾难	病毒
灾难	唐山大地震
知识	社会洞察计划
知识	冷知识
知识	高考
知识	人文
知识	科普
知识	搞笑
知识	社科·法律·心理
知识	趣闻
知识	星海计划
知识	学习
知识	干货
知识	大力王
知识	心理学知识
灾难	生活
灾难	日常
灾难	视频
灾难	知识
灾难	科学科普
灾难	末日
灾难	美国龙卷风
灾难	#自然灾害
灾难	火山爆发
灾难	天花
灾难	唐山大地震
灾难	海啸
灾难	病毒
灾难	日本大地震
灾难	鼠疫
灾难	末日
灾难	生存
灾难	大雨
灾难	一口气看完
灾难	知识
灾难	科学科普
灾难	末日
灾难	美国龙卷风
灾难	#自然灾害
灾难	日本大地震
灾难	病毒
灾难	鼠疫
灾难	唐山大地震
灾难	海啸
灾难	火山爆发
灾难	天花
灾难	纪实
灾难	人文
灾难	科普
灾难	知识
灾难	社科·法律·心理
灾难	震撼
灾难	瞬间
灾难	爆炸
灾难	科普纪录
灾难	威力
灾难	记录
灾难	贝鲁特
灾难	知识
灾难	科学科普
灾难	末日
灾难	美国龙卷风
灾难	#自然灾害
灾难	日本大地震
灾难	唐山大地震
灾难	海啸
灾难	火山爆发
灾难	鼠疫
灾难	天花
灾难	病毒
灾难	末日
灾难	暴雨
灾难	生存
灾难	动画
灾难	一口气看完
灾难	知识
灾难	科学科普
灾难	末日
灾难	美国龙卷风
灾难	#自然灾害
灾难	海啸
灾难	火山爆发
灾难	鼠疫
灾难	病毒
灾难	日本大地震
灾难	天花
灾难	唐山大地震
科普	宇宙
科普	历史
科普	人文
科普	影视
科普	影视杂谈
科普	影视指南官
科普	社会
科普	纪录片
科普	自我提升
科普	打卡挑战
科普	影娱哔哔官
宇宙	天文
宇宙	科学
宇宙	科普
宇宙	知识
宇宙	科学科普
宇宙	太空
宇宙	星系
宇宙	探索
宇宙	光速
科普	社会观察局
科普	心理学
科普	知识
科普	社科·法律·心理
科普	学习
科普	校园
科普	自律
科普	多巴胺
科普	动力
科普	戒瘾
科普	科学科普
科普	内耗
科普	社科人文分享官·第二期
社会观察局	说说心理话
社会观察局	心理学
社会观察局	知识
社会观察局	社科·法律·心理
社会观察局	心理
社会观察局	自制
社会观察局	社会
社会观察局	学习
社会观察局	原创
社会观察局	读书
科普	社会观察局
科普	职场
科普	知识
科普	社科·法律·心理
科普	学习
科普	心理
科普	人际关系
科普	沟通
科普	成熟
科普	社交
科普	科学科普
科普	内心强大
社会观察局	说说心理话
社会观察局	心理学
社会观察局	知识
社会观察局	社科·法律·心理
社会观察局	自制
社会观察局	学习
社会观察局	读书
社会观察局	原创
社会观察局	社会
社会观察局	心理
科普	ChatGPT研究所
科普	计算机
科普	人工智能
科普	科学
科普	知识
科普	科学科普
科普	科技
科普	原理
科普	知识
科普	AI
科普	数学
科普	万物研究所·第十期
ChatGPT研究所	人工智能
ChatGPT研究所	知识
ChatGPT研究所	校园学习
ChatGPT研究所	学习
ChatGPT研究所	AI
ChatGPT研究所	科技
ChatGPT研究所	ChatGPT
ChatGPT研究所	生产力
ChatGPT研究所	GPT
ChatGPT研究所	AI技能
ChatGPT研究所	AIGC
ChatGPT研究所	2023科学很可爱
科普	万物研究所
科普	三体
科普	科学
科普	知识
科普	科学科普
科普	物理
科普	科技
科普	知识
科普	芯片
科普	人列计算机
科普	工作原理
科普	万物研究所·第八期
万物研究所	生物
万物研究所	科学
万物研究所	科普
万物研究所	知识
万物研究所	科学科普
万物研究所	自然
万物研究所	万物研究所·第十期
万物研究所	鉴定
知识	社会洞察计划
知识	冷知识
知识	高考
知识	人文
知识	科普
知识	搞笑
知识	社科·法律·心理
知识	趣闻
知识	星海计划
知识	学习
知识	干货
知识	大力王
知识	心理学知识
社会洞察计划	公益
社会洞察计划	知识
社会洞察计划	社科·法律·心理
社会洞察计划	星海计划
社会洞察计划	社会
社会洞察计划	教育
社会洞察计划	学习
社会洞察计划	大学生
社会洞察计划	公平
社会洞察计划	寒门子弟
知识	冷知识
知识	科普
知识	生活
知识	日常
知识	趣闻
知识	伪常识
知识	伪知识
知识	辟谣
知识	颠覆
知识	谣言
知识	好奇心计划
知识	常识
冷知识	动物观察局
冷知识	科普
冷知识	动物圈
冷知识	动物二创
冷知识	趣闻
冷知识	猴子
冷知识	猴干
冷知识	母猴
冷知识	灵长类
冷知识	动物观察局21.0 小动物集合啦
知识	我们都爱搞学习
知识	生物
知识	高考
知识	校园学习
知识	复习
知识	高中
知识	经验分享
知识	高中生物
知识	学习心得
知识	我们都爱搞学习·第二期
我们都爱搞学习	高考
我们都爱搞学习	考试
我们都爱搞学习	知识
我们都爱搞学习	校园学习
我们都爱搞学习	大学
我们都爱搞学习	校园
我们都爱搞学习	学习
我们都爱搞学习	学生党
我们都爱搞学习	经验分享
我们都爱搞学习	摆烂
我们都爱搞学习	学习心得
我们都爱搞学习	我们都爱搞学习·第二期
知识	学习帮帮团
知识	高考
知识	校园学习
知识	教育
知识	学习
知识	大学
知识	经验分享
知识	背书
知识	学习心得
学习帮帮团	高考
学习帮帮团	英语
学习帮帮团	考试
学习帮帮团	知识
学习帮帮团	校园学习
学习帮帮团	学习
学习帮帮团	教育
学习帮帮团	大学
学习帮帮团	物理
学习帮帮团	数学
学习帮帮团	高中
知识	英语听力
知识	英语口语
知识	英语学习
知识	英语
知识	校园学习
知识	学习
英语听力	英语口语
英语听力	英语学习
英语听力	英语
英语听力	知识
英语听力	校园学习
英语听力	学习
科学科普	科学
科学科普	科普
科学科普	动画
科学科普	综合
科学科普	有趣
科学科普	益智
科学科普	小学科学
科学	天文
科学	地理
科学	生物
科学	科普
科学	知识
科学	科学科普
科学	化学
科学	自然
科学	量子
科学	祖师爷
科学	全能打卡挑战
科学科普	万物研究所
科学科普	天文
科学科普	科学
科学科普	科普
科学科普	知识
科学科普	物理
万物研究所	生物
万物研究所	科学
万物研究所	科普
万物研究所	知识
万物研究所	科学科普
万物研究所	自然
万物研究所	万物研究所·第十期
万物研究所	鉴定
科学科普	万物研究所
科学科普	宇宙
科学科普	科学
科学科普	科普
科学科普	知识
科学科普	休谟问题
科学科普	贝叶斯主义
科学科普	万物研究所·第十期
科学科普	奥卡姆剃刀
科学科普	科学哲学
科学科普	进化论
科学科普	贝叶斯
万物研究所	生物
万物研究所	科学
万物研究所	科普
万物研究所	知识
万物研究所	科学科普
万物研究所	自然
万物研究所	万物研究所·第十期
万物研究所	鉴定
科学科普	天文
科学科普	地理
科学科普	生物
科学科普	科学
科学科普	科普
科学科普	知识
科学科普	化学
科学科普	量子
科学科普	自然
科学科普	祖师爷
科学科普	全能打卡挑战
天文	知识
天文	科学科普
天文	天文学
科学科普	生物
科学科普	科学
科学科普	健康
科学科普	科普
科学科普	必剪创作
科学科普	知识
科学科普	知识分享官
科学科普	生命
科学科普	肾虚
科学科普	戒色
科学科普	打卡挑战
生物	我们都爱搞学习
生物	高考
生物	知识
生物	校园学习
生物	知识
生物	高中
生物	高中生物
生物	经验分享
生物	复习
生物	学习心得
生物	我们都爱搞学习·第二期
非洲	经济
非洲	知识
非洲	财经商业
非洲	政治
非洲	西方
非洲	原创
非洲	趣味科普人文
非洲	黑人
非洲	一带一路
经济	社会观察局
经济	财经
经济	知识
经济	财经商业
经济	知识
经济	社会
经济	商业
经济	宏观经济
经济	房产
经济	政策
经济	经济趋势
经济	社会观察局2022第二季
非洲	人文
非洲	动画
非洲	动漫杂谈
非洲	趣闻
非洲	涨姿势
非洲	文化
非洲	原创
非洲	外国人
非洲	中国
非洲	趣味短片
非洲	趣味科普人文
非洲	一带一路
非洲	铁路
人文	用知识过好新的一年
人文	考试
人文	知识
人文	校园学习
人文	学习
人文	纪录片
人文	高中
人文	作文
人文	语文
人文	寒假
人文	作文素材
人文	我在B站跨年
非洲	纪实
非洲	人文
非洲	资讯
非洲	环球
非洲	新型冠状病毒
非洲	新冠肺炎
非洲	国外疫情
非洲	记录
非洲	肯尼亚
非洲	病毒
非洲	疫情
非洲	新型冠状病毒感染的肺炎
纪实	警察
纪实	人文
纪实	罪案
纪实	刑侦
纪实	案件
纪实	法制
纪实	破案
非洲	星海计划
非洲	歪果仁
非洲	资讯
非洲	社会
非洲	社会
非洲	云南
非洲	原创
非洲	扶贫
星海计划	热点观察局
星海计划	拿铁
星海计划	美食
星海计划	必剪创作
星海计划	知识
星海计划	社科·法律·心理
星海计划	娱乐
星海计划	营销
星海计划	网红
星海计划	事件
星海计划	年轻人
星海计划	全网
非洲	功夫
非洲	人文
非洲	科普
非洲	资讯
非洲	社会
非洲	趣闻
非洲	趣味短片
非洲	原创
非洲	日常
非洲	中国
非洲	涨姿势
非洲	文化
非洲	趣味科普人文
功夫	影视
功夫	影视剪辑
功夫	电影剪辑
功夫	经典
功夫	喜剧
功夫	星爷
功夫	香港
知识	社会洞察计划
知识	冷知识
知识	高考
知识	人文
知识	科普
知识	搞笑
知识	社科·法律·心理
知识	趣闻
知识	星海计划
知识	学习
知识	干货
知识	大力王
知识	心理学知识
社会洞察计划	公益
社会洞察计划	知识
社会洞察计划	社科·法律·心理
社会洞察计划	星海计划
社会洞察计划	教育
社会洞察计划	社会
社会洞察计划	学习
社会洞察计划	公平
社会洞察计划	大学生
社会洞察计划	寒门子弟
知识	冷知识
知识	科普
知识	生活
知识	日常
知识	趣闻
知识	伪常识
知识	伪知识
知识	辟谣
知识	颠覆
知识	谣言
知识	好奇心计划
知识	常识
冷知识	动物观察局
冷知识	科普
冷知识	动物圈
冷知识	动物二创
冷知识	趣闻
冷知识	猴子
冷知识	猴干
冷知识	母猴
冷知识	灵长类
冷知识	动物观察局21.0 小动物集合啦
知识	学习帮帮团
知识	高考
知识	校园学习
知识	大学
知识	学习
知识	教育
知识	经验分享
知识	背书
知识	学习心得
学习帮帮团	高考
学习帮帮团	英语
学习帮帮团	考试
学习帮帮团	知识
学习帮帮团	校园学习
学习帮帮团	学习
学习帮帮团	教育
学习帮帮团	大学
学习帮帮团	物理
学习帮帮团	数学
学习帮帮团	高中
知识	英语听力
知识	英语口语
知识	英语学习
知识	英语
知识	校园学习
知识	学习
英语听力	英语口语
英语听力	英语学习
英语听力	英语
英语听力	知识
英语听力	校园学习
英语听力	学习
知识	我们都爱搞学习
知识	生物
知识	高考
知识	校园学习
知识	经验分享
知识	高中
知识	复习
知识	高中生物
知识	学习心得
知识	我们都爱搞学习·第二期
我们都爱搞学习	高考
我们都爱搞学习	考试
我们都爱搞学习	知识
我们都爱搞学习	校园学习
我们都爱搞学习	学习
我们都爱搞学习	大学
我们都爱搞学习	校园
我们都爱搞学习	学生党
我们都爱搞学习	经验分享
我们都爱搞学习	摆烂
我们都爱搞学习	学习心得
我们都爱搞学习	我们都爱搞学习·第二期
万物研究所·第十期	万物研究所
万物研究所·第十期	宇宙
万物研究所·第十期	科学
万物研究所·第十期	历史
万物研究所·第十期	知识
万物研究所·第十期	科学科普
万物研究所·第十期	数学
万物研究所·第十期	物理
万物研究所·第十期	知识
万物研究所·第十期	科学科普
万物研究所·第十期	Star Sky
万物研究所·第十期	人类群星闪耀时
万物研究所	生物
万物研究所	科学
万物研究所	科普
万物研究所	知识
万物研究所	科学科普
万物研究所	自然
万物研究所	万物研究所·第十期
万物研究所	鉴定
万物研究所·第十期	万物研究所
万物研究所·第十期	科学
万物研究所·第十期	历史
万物研究所·第十期	科普
万物研究所·第十期	知识
万物研究所·第十期	科学科普
万物研究所·第十期	人物
万物研究所·第十期	工业
万物研究所·第十期	钢铁产业
万物研究所·第十期	冶金
万物研究所·第十期	产业
万物研究所·第十期	钢铁
万物研究所	生物
万物研究所	科学
万物研究所	科普
万物研究所	知识
万物研究所	科学科普
万物研究所	自然
万物研究所	万物研究所·第十期
万物研究所	鉴定
万物研究所·第十期	万物研究所
万物研究所·第十期	人工智能
万物研究所·第十期	互联网
万物研究所·第十期	知识
万物研究所·第十期	科学科普
万物研究所·第十期	学习
万物研究所·第十期	华语音乐
万物研究所·第十期	流行音乐
万物研究所·第十期	研究
万物研究所·第十期	数据
万物研究所·第十期	傅里叶变换
万物研究所·第十期	万物研究所·第七期
万物研究所·第十期	深度学习
万物研究所	生物
万物研究所	科学
万物研究所	科普
万物研究所	知识
万物研究所	科学科普
万物研究所	自然
万物研究所	万物研究所·第十期
万物研究所	鉴定
万物研究所·第十期	万物研究所
万物研究所·第十期	灾难
万物研究所·第十期	科普
万物研究所·第十期	知识
万物研究所·第十期	科学科普
万物研究所·第十期	非洲
万物研究所·第十期	知识
万物研究所·第十期	埃博拉病毒
万物研究所·第十期	病毒
万物研究所·第十期	瘟疫
万物研究所·第十期	疾病
万物研究所	生物
万物研究所	科学
万物研究所	科普
万物研究所	知识
万物研究所	科学科普
万物研究所	自然
万物研究所	万物研究所·第十期
万物研究所	鉴定
万物研究所·第十期	ChatGPT研究所
万物研究所·第十期	计算机
万物研究所·第十期	人工智能
万物研究所·第十期	科学
万物研究所·第十期	科普
万物研究所·第十期	知识
万物研究所·第十期	科学科普
万物研究所·第十期	数学
万物研究所·第十期	AI
万物研究所·第十期	科技
万物研究所·第十期	原理
万物研究所·第十期	知识
ChatGPT研究所	人工智能
ChatGPT研究所	知识
ChatGPT研究所	校园学习
ChatGPT研究所	学习
ChatGPT研究所	AI
ChatGPT研究所	科技
ChatGPT研究所	ChatGPT
ChatGPT研究所	生产力
ChatGPT研究所	GPT
ChatGPT研究所	AI技能
ChatGPT研究所	AIGC
ChatGPT研究所	2023科学很可爱
埃博拉病毒	万物研究所
埃博拉病毒	灾难
埃博拉病毒	科普
埃博拉病毒	知识
埃博拉病毒	科学科普
埃博拉病毒	知识
埃博拉病毒	非洲
埃博拉病毒	万物研究所·第十期
埃博拉病毒	病毒
埃博拉病毒	瘟疫
埃博拉病毒	疾病
万物研究所	生物
万物研究所	科学
万物研究所	科普
万物研究所	知识
万物研究所	科学科普
万物研究所	自然
万物研究所	万物研究所·第十期
万物研究所	鉴定
埃博拉病毒	灾难
埃博拉病毒	健康
埃博拉病毒	历史
埃博拉病毒	知识
埃博拉病毒	科学科普
埃博拉病毒	传染病
埃博拉病毒	瘟疫
埃博拉病毒	疾病
埃博拉病毒	埃博拉
埃博拉病毒	马尔堡
埃博拉病毒	流感
灾难	知识
灾难	科学科普
灾难	末日
灾难	美国龙卷风
灾难	#自然灾害
灾难	唐山大地震
灾难	天花
灾难	海啸
灾难	日本大地震
灾难	鼠疫
灾难	火山爆发
灾难	病毒
埃博拉病毒	生活
埃博拉病毒	日常
埃博拉病毒	非洲
埃博拉病毒	生活
埃博拉病毒	日常
埃博拉病毒	油兔不二字幕组
埃博拉病毒	埃博拉
生活	春日迷影电影院
生活	美国电影
生活	电影解说
生活	影视
生活	影视杂谈
生活	电影
生活	励志
生活	亲情
生活	白日梦想家
生活	影娱新春游园会
埃博拉病毒	知识分享官
埃博拉病毒	科普
埃博拉病毒	知识
埃博拉病毒	人文历史
埃博拉病毒	传染病
埃博拉病毒	非洲
埃博拉病毒	恐怖
埃博拉病毒	春节不无聊挑战
埃博拉病毒	非洲血魔
埃博拉病毒	埃博拉
埃博拉病毒	打卡挑战
知识分享官	心理学
知识分享官	人文
知识分享官	知识
知识分享官	社科·法律·心理
知识分享官	男生
知识分享官	记忆力
知识分享官	社会
知识分享官	女生
知识分享官	大学
知识分享官	思维
知识分享官	自信
埃博拉病毒	电视剧解说
埃博拉病毒	影评
埃博拉病毒	美国
埃博拉病毒	影视杂谈
埃博拉病毒	影视
埃博拉病毒	影视杂谈
埃博拉病毒	血疫
埃博拉病毒	惊悚
埃博拉病毒	剧情
埃博拉病毒	美剧
埃博拉病毒	病毒
电视剧解说	影评
电视剧解说	历史
电视剧解说	影视杂谈
电视剧解说	影视
电视剧解说	影视杂谈
电视剧解说	大明王朝1566
电视剧解说	陈宝国
电视剧解说	明朝
电视剧解说	解说
电视剧解说	海瑞
电视剧解说	倪大红
电视剧解说	嘉靖
电视剧解说	影娱新春游园会
病毒	万物研究所
病毒	灾难
病毒	科普
病毒	知识
病毒	科学科普
病毒	非洲
病毒	知识
病毒	万物研究所·第十期
病毒	埃博拉病毒
病毒	疾病
病毒	瘟疫
万物研究所	生物
万物研究所	科学
万物研究所	科普
万物研究所	知识
万物研究所	科学科普
万物研究所	自然
万物研究所	万物研究所·第十期
万物研究所	鉴定
病毒	资讯
病毒	热点
病毒	央视新闻
病毒	新型冠状病毒
病毒	新冠肺炎
资讯	游戏唠嗑会
资讯	游戏
资讯	手机游戏
资讯	手机游戏
资讯	游戏资讯
资讯	万物皆可游戏
资讯	游戏杂谈
资讯	国产游戏
资讯	游戏
资讯	二次元
资讯	五月
资讯	游戏推荐
资讯	游戏版号
资讯	版号
病毒	搞笑新星训练营
病毒	搞笑
病毒	生活
病毒	搞笑
病毒	打卡挑战
病毒	搞笑新星训练营5.0
搞笑新星训练营	搞笑
搞笑新星训练营	必剪创作
搞笑新星训练营	生活
搞笑新星训练营	搞笑
搞笑新星训练营	高能
搞笑新星训练营	娱乐
搞笑新星训练营	奇葩
搞笑新星训练营	记录
搞笑新星训练营	名场面
搞笑新星训练营	搞笑新星训练营11.0
病毒	科技猎手
病毒	冷知识
病毒	黑科技
病毒	野生技术协会
病毒	技术宅
病毒	人文
病毒	科普
病毒	科技
病毒	软件应用
病毒	趣闻
病毒	数码
病毒	WINDOWS
病毒	电脑病毒
病毒	分享
科技猎手	科技猎手2023
科技猎手	航空
科技猎手	DIY
科技猎手	搞笑
科技猎手	科技
科技猎手	极客DIY
科技猎手	军事
科技猎手	模拟
科技猎手	游戏
病毒	万物研究所
病毒	健康
病毒	科普
病毒	知识
病毒	科学科普
病毒	知识
病毒	生命
病毒	人体
病毒	免疫系统
病毒	万物研究所·第八期
万物研究所	生物
万物研究所	科学
万物研究所	科普
万物研究所	知识
万物研究所	科学科普
万物研究所	自然
万物研究所	万物研究所·第十期
万物研究所	鉴定
瘟疫	灾难
瘟疫	健康
瘟疫	历史
瘟疫	知识
瘟疫	科学科普
瘟疫	传染病
瘟疫	埃博拉病毒
瘟疫	马尔堡
瘟疫	疾病
瘟疫	埃博拉
瘟疫	流感
灾难	知识
灾难	科学科普
灾难	末日
灾难	美国龙卷风
灾难	#自然灾害
灾难	病毒
灾难	日本大地震
灾难	海啸
灾难	天花
灾难	火山爆发
灾难	唐山大地震
灾难	鼠疫
瘟疫	知识分享官
瘟疫	科学
瘟疫	科普
瘟疫	知识
瘟疫	科学科普
瘟疫	古生物
瘟疫	生命
瘟疫	病毒
瘟疫	演化
瘟疫	分子生物学
瘟疫	鬼谷闲谈
知识分享官	心理学
知识分享官	人文
知识分享官	知识
知识分享官	社科·法律·心理
知识分享官	女生
知识分享官	大学
知识分享官	记忆力
知识分享官	社会
知识分享官	男生
知识分享官	思维
知识分享官	自信
瘟疫	故事档案馆
瘟疫	都市传说
瘟疫	克苏鲁
瘟疫	科幻
瘟疫	历史
瘟疫	知识
瘟疫	人文历史
瘟疫	奇闻
瘟疫	睡前故事
瘟疫	恐怖
瘟疫	奇闻异事
瘟疫	数据删除
故事档案馆	第五人格
故事档案馆	游戏
故事档案馆	手机游戏
故事档案馆	手机游戏
故事档案馆	原创
故事档案馆	剧情解析
故事档案馆	剧情
故事档案馆	园丁
瘟疫	知识
瘟疫	人文历史
瘟疫	趣闻
瘟疫	奇闻
瘟疫	与死神檫肩而过
瘟疫	奇闻趣事
瘟疫	鼠疫
瘟疫	病毒
瘟疫	埃博拉
瘟疫	天花
瘟疫	霍乱
瘟疫	西班牙大流感
知识	社会洞察计划
知识	冷知识
知识	高考
知识	人文
知识	科普
知识	搞笑
知识	社科·法律·心理
知识	趣闻
知识	星海计划
知识	学习
知识	干货
知识	大力王
知识	心理学知识
瘟疫	生物
瘟疫	科学
瘟疫	健康
瘟疫	历史
瘟疫	科普
瘟疫	知识
瘟疫	科学科普
瘟疫	细菌
瘟疫	传染病
瘟疫	肺结核
生物	我们都爱搞学习
生物	高考
生物	知识
生物	校园学习
生物	知识
生物	高中
生物	经验分享
生物	复习
生物	高中生物
生物	学习心得
生物	我们都爱搞学习·第二期
疾病	2023读书日
疾病	健康
疾病	科普
疾病	知识
疾病	科学科普
疾病	生命
疾病	癌症
疾病	人类
疾病	全国肿瘤防治宣传周
疾病	肿瘤
2023读书日	知识
2023读书日	人文历史
2023读书日	读书
2023读书日	书籍
2023读书日	分享
2023读书日	书单
疾病	生物
疾病	科学
疾病	健康
疾病	科普
疾病	知识
疾病	科学科普
疾病	自然
疾病	实验
疾病	生命
疾病	神经
疾病	遗传
生物	我们都爱搞学习
生物	高考
生物	知识
生物	校园学习
生物	知识
生物	经验分享
生物	高中生物
生物	高中
生物	复习
生物	学习心得
生物	我们都爱搞学习·第二期
疾病	万物研究所
疾病	科学
疾病	健康
疾病	科普
疾病	知识
疾病	科学科普
疾病	癌症
疾病	生命
疾病	绝症
疾病	病症
疾病	科学科普
万物研究所	生物
万物研究所	科学
万物研究所	科普
万物研究所	知识
万物研究所	科学科普
万物研究所	自然
万物研究所	万物研究所·第十期
万物研究所	鉴定
疾病	知识分享官
疾病	知识
疾病	科学科普
疾病	免疫
疾病	免疫系统
疾病	红斑狼疮
疾病	知识分享官·新年特别篇
知识分享官	心理学
知识分享官	人文
知识分享官	知识
知识分享官	社科·法律·心理
知识分享官	大学
知识分享官	男生
知识分享官	女生
知识分享官	社会
知识分享官	记忆力
知识分享官	自信
知识分享官	思维
疾病	知识
疾病	科学科普
疾病	癌症
疾病	吸烟
知识	社会洞察计划
知识	冷知识
知识	高考
知识	人文
知识	科普
知识	搞笑
知识	社科·法律·心理
知识	趣闻
知识	星海计划
知识	学习
知识	干货
知识	大力王
知识	心理学知识
万物研究所	科学
万物研究所	科普
万物研究所	知识
万物研究所	科学科普
万物研究所	化学
万物研究所	实验
万物研究所	万物研究所·第十期
万物研究所	研究
万物研究所	鸡
万物研究所	坤坤
万物研究所	ikun
万物研究所	鸡你太美
万物研究所	生物
万物研究所	科学
万物研究所	科普
万物研究所	知识
万物研究所	科学科普
万物研究所	自然
万物研究所	万物研究所·第十期
万物研究所	鉴定
万物研究所	生物
万物研究所	科学
万物研究所	科普
万物研究所	知识
万物研究所	科学科普
万物研究所	自然
万物研究所	万物研究所·第十期
万物研究所	鉴定
万物研究所	人工智能
万物研究所	互联网
万物研究所	知识
万物研究所	科学科普
万物研究所	学习
万物研究所	华语音乐
万物研究所	流行音乐
万物研究所	研究
万物研究所	数据
万物研究所	傅里叶变换
万物研究所	万物研究所·第七期
万物研究所	深度学习
万物研究所	生物
万物研究所	科学
万物研究所	科普
万物研究所	知识
万物研究所	科学科普
万物研究所	自然
万物研究所	万物研究所·第十期
万物研究所	鉴定
万物研究所	灾难
万物研究所	科普
万物研究所	知识
万物研究所	科学科普
万物研究所	知识
万物研究所	非洲
万物研究所	万物研究所·第十期
万物研究所	瘟疫
万物研究所	埃博拉病毒
万物研究所	疾病
万物研究所	病毒
万物研究所	生物
万物研究所	科学
万物研究所	科普
万物研究所	知识
万物研究所	科学科普
万物研究所	自然
万物研究所	万物研究所·第十期
万物研究所	鉴定
万物研究所	眼镜
万物研究所	医学
万物研究所	健康
万物研究所	科普
万物研究所	搞笑
万物研究所	知识
万物研究所	科学科普
万物研究所	医案寻踪
万物研究所	近视
万物研究所	骗局
万物研究所	沙雕
万物研究所	万物研究所·2022第五期
万物研究所	生物
万物研究所	科学
万物研究所	科普
万物研究所	知识
万物研究所	科学科普
万物研究所	自然
万物研究所	万物研究所·第十期
万物研究所	鉴定
万物研究所	科学
万物研究所	知识
万物研究所	科学科普
万物研究所	几何
万物研究所	万物研究所·第十期
万物研究所	生物
万物研究所	科学
万物研究所	科普
万物研究所	知识
万物研究所	科学科普
万物研究所	自然
万物研究所	万物研究所·第十期
万物研究所	鉴定
科学	天文
科学	地理
科学	生物
科学	科普
科学	知识
科学	科学科普
科学	化学
科学	自然
科学	量子
科学	祖师爷
科学	全能打卡挑战
天文	知识
天文	科学科普
天文	天文学
科学	科学很可爱
科学	科普
科学	知识
科学	科学科普
科学	趣闻
科学	科学史
科学	科学中穿梭
科学	历史的遗憾
科学	科学家
科学	遗憾
科学	涨知识
科学	2023科学很可爱
科学很可爱	正经的知识又增加了
科学很可爱	冷知识
科学很可爱	生物
科学很可爱	科学
科学很可爱	科普
科学很可爱	知识
科学很可爱	科学科普
科学很可爱	趣闻
科学很可爱	生命
科学很可爱	自然
科学很可爱	2023科学很可爱
科学	科普
科学	知识
科学	校园学习
科学	学习
科学	儿童
科学	少儿
科学	视频教程
科学	儿童教育
科学	天文
科学	地理
科学	生物
科学	科普
科学	知识
科学	科学科普
科学	化学
科学	自然
科学	量子
科学	祖师爷
科学	全能打卡挑战
科学	万物研究所
科学	宇宙
科学	科普
科学	知识
科学	科学科普
科学	休谟问题
科学	贝叶斯主义
科学	万物研究所·第十期
科学	进化论
科学	奥卡姆剃刀
科学	科学哲学
科学	贝叶斯
万物研究所	生物
万物研究所	科学
万物研究所	科普
万物研究所	知识
万物研究所	科学科普
万物研究所	自然
万物研究所	万物研究所·第十期
万物研究所	鉴定
科学	生物
科学	科普
科学	知识
科学	人文历史
科学	生命
科学	自然
科学	基因
生物	我们都爱搞学习
生物	高考
生物	知识
生物	校园学习
生物	知识
生物	高中生物
生物	经验分享
生物	高中
生物	复习
生物	学习心得
生物	我们都爱搞学习·第二期
科普	宇宙
科普	历史
科普	人文
科普	影视
科普	影视杂谈
科普	影视指南官
科普	社会
科普	纪录片
科普	自我提升
科普	打卡挑战
科普	影娱哔哔官
宇宙	天文
宇宙	科学
宇宙	科普
宇宙	知识
宇宙	科学科普
宇宙	太空
宇宙	星系
宇宙	探索
宇宙	光速
科普	社会观察局
科普	心理学
科普	知识
科普	社科·法律·心理
科普	学习
科普	校园
科普	动力
科普	自律
科普	多巴胺
科普	戒瘾
科普	科学科普
科普	内耗
科普	社科人文分享官·第二期
社会观察局	说说心理话
社会观察局	心理学
社会观察局	知识
社会观察局	社科·法律·心理
社会观察局	学习
社会观察局	心理
社会观察局	原创
社会观察局	社会
社会观察局	读书
社会观察局	自制
科普	社会观察局
科普	职场
科普	知识
科普	社科·法律·心理
科普	学习
科普	心理
科普	人际关系
科普	沟通
科普	社交
科普	成熟
科普	科学科普
科普	内心强大
社会观察局	说说心理话
社会观察局	心理学
社会观察局	知识
社会观察局	社科·法律·心理
社会观察局	社会
社会观察局	学习
社会观察局	自制
社会观察局	心理
社会观察局	读书
社会观察局	原创
科普	ChatGPT研究所
科普	计算机
科普	人工智能
科普	科学
科普	知识
科普	科学科普
科普	AI
科普	科技
科普	知识
科普	数学
科普	原理
科普	万物研究所·第十期
ChatGPT研究所	人工智能
ChatGPT研究所	知识
ChatGPT研究所	校园学习
ChatGPT研究所	科技
ChatGPT研究所	AI
ChatGPT研究所	学习
ChatGPT研究所	ChatGPT
ChatGPT研究所	生产力
ChatGPT研究所	GPT
ChatGPT研究所	AI技能
ChatGPT研究所	AIGC
ChatGPT研究所	2023科学很可爱
科普	万物研究所
科普	三体
科普	科学
科普	知识
科普	科学科普
科普	知识
科普	科技
科普	物理
科普	人列计算机
科普	芯片
科普	工作原理
科普	万物研究所·第八期
万物研究所	生物
万物研究所	科学
万物研究所	科普
万物研究所	知识
万物研究所	科学科普
万物研究所	自然
万物研究所	万物研究所·第十期
万物研究所	鉴定
知识	社会洞察计划
知识	冷知识
知识	高考
知识	人文
知识	科普
知识	搞笑
知识	社科·法律·心理
知识	趣闻
知识	星海计划
知识	学习
知识	干货
知识	大力王
知识	心理学知识
社会洞察计划	公益
社会洞察计划	知识
社会洞察计划	社科·法律·心理
社会洞察计划	星海计划
社会洞察计划	社会
社会洞察计划	教育
社会洞察计划	学习
社会洞察计划	公平
社会洞察计划	大学生
社会洞察计划	寒门子弟
知识	冷知识
知识	科普
知识	生活
知识	日常
知识	趣闻
知识	伪常识
知识	伪知识
知识	辟谣
知识	颠覆
知识	谣言
知识	好奇心计划
知识	常识
冷知识	动物观察局
冷知识	科普
冷知识	动物圈
冷知识	动物二创
冷知识	趣闻
冷知识	猴子
冷知识	猴干
冷知识	母猴
冷知识	灵长类
冷知识	动物观察局21.0 小动物集合啦
知识	学习帮帮团
知识	高考
知识	校园学习
知识	大学
知识	教育
知识	学习
知识	经验分享
知识	背书
知识	学习心得
学习帮帮团	高考
学习帮帮团	英语
学习帮帮团	考试
学习帮帮团	知识
学习帮帮团	校园学习
学习帮帮团	学习
学习帮帮团	数学
学习帮帮团	大学
学习帮帮团	教育
学习帮帮团	物理
学习帮帮团	高中
知识	英语听力
知识	英语口语
知识	英语学习
知识	英语
知识	校园学习
知识	学习
英语听力	英语口语
英语听力	英语学习
英语听力	英语
英语听力	知识
英语听力	校园学习
英语听力	学习
知识	我们都爱搞学习
知识	生物
知识	高考
知识	校园学习
知识	高中生物
知识	高中
知识	复习
知识	经验分享
知识	学习心得
知识	我们都爱搞学习·第二期
我们都爱搞学习	高考
我们都爱搞学习	考试
我们都爱搞学习	知识
我们都爱搞学习	校园学习
我们都爱搞学习	校园
我们都爱搞学习	学习
我们都爱搞学习	大学
我们都爱搞学习	学生党
我们都爱搞学习	经验分享
我们都爱搞学习	摆烂
我们都爱搞学习	学习心得
我们都爱搞学习	我们都爱搞学习·第二期
科学科普	科学
科学科普	科普
科学科普	动画
科学科普	综合
科学科普	有趣
科学科普	益智
科学科普	小学科学
科学	天文
科学	地理
科学	生物
科学	科普
科学	知识
科学	科学科普
科学	化学
科学	量子
科学	自然
科学	祖师爷
科学	全能打卡挑战
科学科普	万物研究所
科学科普	天文
科学科普	科学
科学科普	科普
科学科普	知识
科学科普	物理
万物研究所	生物
万物研究所	科学
万物研究所	科普
万物研究所	知识
万物研究所	科学科普
万物研究所	自然
万物研究所	万物研究所·第十期
万物研究所	鉴定
科学科普	万物研究所
科学科普	宇宙
科学科普	科学
科学科普	科普
科学科普	知识
科学科普	休谟问题
科学科普	贝叶斯主义
科学科普	万物研究所·第十期
科学科普	进化论
科学科普	奥卡姆剃刀
科学科普	科学哲学
科学科普	贝叶斯
万物研究所	生物
万物研究所	科学
万物研究所	科普
万物研究所	知识
万物研究所	科学科普
万物研究所	自然
万物研究所	万物研究所·第十期
万物研究所	鉴定
科学科普	天文
科学科普	地理
科学科普	生物
科学科普	科学
科学科普	科普
科学科普	知识
科学科普	化学
科学科普	自然
科学科普	量子
科学科普	祖师爷
科学科普	全能打卡挑战
天文	知识
天文	科学科普
天文	天文学
科学科普	生物
科学科普	科学
科学科普	健康
科学科普	科普
科学科普	必剪创作
科学科普	知识
科学科普	知识分享官
科学科普	生命
科学科普	肾虚
科学科普	戒色
科学科普	打卡挑战
生物	我们都爱搞学习
生物	高考
生物	知识
生物	校园学习
生物	知识
生物	复习
生物	高中
生物	高中生物
生物	经验分享
生物	学习心得
生物	我们都爱搞学习·第二期
化学	知识分享官
化学	必剪创作
化学	知识
化学	校园学习
化学	课程
化学	初中化学
化学	中考
化学	学生党
化学	复习
化学	中考化学
化学	打卡挑战
知识分享官	心理学
知识分享官	人文
知识分享官	知识
知识分享官	社科·法律·心理
知识分享官	大学
知识分享官	社会
知识分享官	记忆力
知识分享官	男生
知识分享官	女生
知识分享官	自信
知识分享官	思维
化学	知识分享官
化学	高考化学
化学	高考
化学	考试
化学	知识
化学	校园学习
化学	高中
化学	高中化学
化学	知识
化学	高一
知识分享官	心理学
知识分享官	人文
知识分享官	知识
知识分享官	社科·法律·心理
知识分享官	大学
知识分享官	女生
知识分享官	男生
知识分享官	记忆力
知识分享官	社会
知识分享官	自信
知识分享官	思维
化学	知识
化学	校园学习
化学	学习
知识	社会洞察计划
知识	冷知识
知识	高考
知识	人文
知识	科普
知识	搞笑
知识	社科·法律·心理
知识	趣闻
知识	星海计划
知识	学习
知识	干货
知识	大力王
知识	心理学知识
化学	高考化学
化学	高考
化学	知识
化学	校园学习
化学	知识分享官
化学	清华大学
化学	打卡挑战
高考化学	高考
高考化学	知识
高考化学	校园学习
高考化学	化学
高考化学	知识分享官
高考化学	清华大学
高考化学	打卡挑战
化学	考试
化学	知识
化学	校园学习
化学	乐乐课堂
化学	学习
化学	视频教程
化学	线上课堂
化学	学霸
化学	中考
化学	提分
化学	课程
考试	考研
考试	知识
考试	校园学习
考试	学习
考试	直播
考试	大学
考试	知识
考试	四六级
考试	上岸
考试	学姐
考试	考公
实验	科学
实验	科普
实验	知识
实验	科学科普
实验	化学
实验	2021属我牛
实验	自然
实验	化学实验
科学	天文
科学	地理
科学	生物
科学	科普
科学	知识
科学	科学科普
科学	化学
科学	自然
科学	量子
科学	祖师爷
科学	全能打卡挑战
实验	科普
实验	知识
实验	科学科普
实验	化学
实验	科学3分钟
实验	趣味实验
实验	科学实验
科普	宇宙
科普	历史
科普	人文
科普	影视
科普	影视杂谈
科普	影视指南官
科普	社会
科普	纪录片
科普	自我提升
科普	打卡挑战
科普	影娱哔哔官
实验	科学
实验	科普
实验	知识
实验	科学科普
实验	化学
实验	趣味实验
实验	教育
实验	趣味
实验	科学实验
实验	亲子
实验	小实验
实验	科学启蒙
科学	天文
科学	地理
科学	生物
科学	科普
科学	知识
科学	科学科普
科学	化学
科学	量子
科学	自然
科学	祖师爷
科学	全能打卡挑战
实验	知识分享官
实验	科学
实验	科普
实验	必剪创作
实验	知识
实验	科学科普
实验	化学
实验	量子
实验	物理
实验	物质
实验	科学实验
知识分享官	心理学
知识分享官	人文
知识分享官	知识
知识分享官	社科·法律·心理
知识分享官	社会
知识分享官	大学
知识分享官	女生
知识分享官	男生
知识分享官	记忆力
知识分享官	思维
知识分享官	自信
实验	万物研究所
实验	科学
实验	科普
实验	必剪创作
实验	知识
实验	科学科普
实验	有趣
实验	简单
万物研究所	生物
万物研究所	科学
万物研究所	科普
万物研究所	知识
万物研究所	科学科普
万物研究所	自然
万物研究所	万物研究所·第十期
万物研究所	鉴定
万物研究所·第十期	万物研究所
万物研究所·第十期	宇宙
万物研究所·第十期	科学
万物研究所·第十期	历史
万物研究所·第十期	知识
万物研究所·第十期	科学科普
万物研究所·第十期	数学
万物研究所·第十期	物理
万物研究所·第十期	知识
万物研究所·第十期	科学科普
万物研究所·第十期	Star Sky
万物研究所·第十期	人类群星闪耀时
万物研究所	生物
万物研究所	科学
万物研究所	科普
万物研究所	知识
万物研究所	科学科普
万物研究所	自然
万物研究所	万物研究所·第十期
万物研究所	鉴定
万物研究所·第十期	万物研究所
万物研究所·第十期	科学
万物研究所·第十期	历史
万物研究所·第十期	科普
万物研究所·第十期	知识
万物研究所·第十期	科学科普
万物研究所·第十期	工业
万物研究所·第十期	人物
万物研究所·第十期	钢铁产业
万物研究所·第十期	冶金
万物研究所·第十期	产业
万物研究所·第十期	钢铁
万物研究所	生物
万物研究所	科学
万物研究所	科普
万物研究所	知识
万物研究所	科学科普
万物研究所	自然
万物研究所	万物研究所·第十期
万物研究所	鉴定
万物研究所·第十期	万物研究所
万物研究所·第十期	人工智能
万物研究所·第十期	互联网
万物研究所·第十期	知识
万物研究所·第十期	科学科普
万物研究所·第十期	流行音乐
万物研究所·第十期	学习
万物研究所·第十期	华语音乐
万物研究所·第十期	数据
万物研究所·第十期	研究
万物研究所·第十期	傅里叶变换
万物研究所·第十期	万物研究所·第七期
万物研究所·第十期	深度学习
万物研究所	生物
万物研究所	科学
万物研究所	科普
万物研究所	知识
万物研究所	科学科普
万物研究所	自然
万物研究所	万物研究所·第十期
万物研究所	鉴定
万物研究所·第十期	万物研究所
万物研究所·第十期	灾难
万物研究所·第十期	科普
万物研究所·第十期	知识
万物研究所·第十期	科学科普
万物研究所·第十期	非洲
万物研究所·第十期	知识
万物研究所·第十期	疾病
万物研究所·第十期	瘟疫
万物研究所·第十期	病毒
万物研究所·第十期	埃博拉病毒
万物研究所	生物
万物研究所	科学
万物研究所	科普
万物研究所	知识
万物研究所	科学科普
万物研究所	自然
万物研究所	万物研究所·第十期
万物研究所	鉴定
万物研究所·第十期	ChatGPT研究所
万物研究所·第十期	计算机
万物研究所·第十期	人工智能
万物研究所·第十期	科学
万物研究所·第十期	科普
万物研究所·第十期	知识
万物研究所·第十期	科学科普
万物研究所·第十期	科技
万物研究所·第十期	原理
万物研究所·第十期	数学
万物研究所·第十期	知识
万物研究所·第十期	AI
ChatGPT研究所	人工智能
ChatGPT研究所	知识
ChatGPT研究所	校园学习
ChatGPT研究所	科技
ChatGPT研究所	AI
ChatGPT研究所	学习
ChatGPT研究所	ChatGPT
ChatGPT研究所	生产力
ChatGPT研究所	GPT
ChatGPT研究所	AI技能
ChatGPT研究所	AIGC
ChatGPT研究所	2023科学很可爱
研究	万物研究所
研究	人工智能
研究	互联网
研究	知识
研究	科学科普
研究	学习
研究	华语音乐
研究	流行音乐
研究	数据
研究	傅里叶变换
研究	万物研究所·第七期
研究	深度学习
万物研究所	生物
万物研究所	科学
万物研究所	科普
万物研究所	知识
万物研究所	科学科普
万物研究所	自然
万物研究所	万物研究所·第十期
万物研究所	鉴定
研究	每天一个科研小知识
研究	考研
研究	知识
研究	校园学习
研究	研究生
研究	硕博
研究	科研
研究	博士
研究	硕士
研究	读研
研究	文献
研究	组会
每天一个科研小知识	知识
每天一个科研小知识	校园学习
每天一个科研小知识	研究生
每天一个科研小知识	大学
每天一个科研小知识	毕业生
每天一个科研小知识	大学生
每天一个科研小知识	毕业论文
每天一个科研小知识	论文
研究	科技猎手2023
研究	科普
研究	科技
研究	科工机械
研究	国产
研究	工业
研究	进口
研究	仪器
研究	科研
科技猎手2023	航空
科技猎手2023	DIY
科技猎手2023	搞笑
科技猎手2023	科技
科技猎手2023	极客DIY
科技猎手2023	军事
科技猎手2023	模拟
科技猎手2023	游戏
研究	网络热门鉴定
研究	科学
研究	科普
研究	知识
研究	科学科普
研究	物理
研究	电路
研究	原理
研究	可达鸭
研究	吸管
研究	万物研究所·第七期
网络热门鉴定	生物
网络热门鉴定	原创歌曲
网络热门鉴定	科普
网络热门鉴定	知识
网络热门鉴定	科学科普
网络热门鉴定	奇妙生物大赏
网络热门鉴定	音乐
网络热门鉴定	原创音乐
网络热门鉴定	自然
网络热门鉴定	知识
网络热门鉴定	科学科普
研究	校园唠嗑会
研究	生活
研究	搞笑
研究	生物学
研究	研究生
研究	论文灌水
研究	科研
研究	学术不端
研究	生活万花筒6.0·沸腾吧！青年
校园唠嗑会	知识
校园唠嗑会	校园学习
校园唠嗑会	模拟
校园唠嗑会	请假
校园唠嗑会	大学生
校园唠嗑会	今日校园
校园唠嗑会	校园星发现·离谱专业大赏
鸡	女神异闻录5
鸡	蔡徐坤
鸡	手书
鸡	鬼畜
鸡	鬼畜
鸡	鬼畜调教
鸡	P5
鸡	特效
鸡	PV
鸡	小黑子
鸡	沙雕
女神异闻录5	音乐分享官
女神异闻录5	翻唱
女神异闻录5	音乐
女神异闻录5	翻唱
女神异闻录5	COVER
女神异闻录5	神曲
女神异闻录5	女神异闻录
女神异闻录5	游戏音乐
女神异闻录5	音乐分享官7.0
女神异闻录5	P5
女神异闻录5	Life will change
鸡	动感视频
鸡	仙剑奇侠传
鸡	人力VOCALOID
鸡	蔡徐坤
鸡	鬼畜调教
鸡	鬼畜
鸡	搞笑
鸡	鬼畜
鸡	鬼畜调教
鸡	鸡你太美
鸡	坤坤
鸡	恶搞
鸡	联合创作
动感视频	开口跪
动感视频	欧美音乐
动感视频	音乐
动感视频	音乐现场
动感视频	音乐现场
动感视频	神曲
动感视频	燃曲
动感视频	白听不厌
动感视频	治愈向
动感视频	洗脑循环
动感视频	单曲
动感视频	现场版
动感视频	Torine Michelle
鸡	蔡徐坤
鸡	明星舞蹈
鸡	舞蹈
鸡	明星舞蹈
鸡	舞蹈
鸡	女神
鸡	鸡你太美
鸡	洗脑循环
鸡	音乐
蔡徐坤	生活
蔡徐坤	搞笑
蔡徐坤	篮球
蔡徐坤	偶像练习生
蔡徐坤	鸡你太美
鸡	鬼畜星探企划
鸡	王琳凯
鸡	泰坦尼克号
鸡	蔡徐坤
鸡	鬼畜剧场
鸡	鬼畜
鸡	搞笑
鸡	鬼畜
鸡	鬼畜剧场
鸡	泰裤辣
鸡	小鬼
鸡	鸡你太美
鬼畜星探企划	搞笑
鬼畜星探企划	鬼畜
鬼畜星探企划	鬼畜剧场
鬼畜星探企划	鸡你太美
鬼畜星探企划	鬼畜小赏
鸡	蔡徐坤
鸡	鬼畜调教
鸡	鬼畜
鸡	鬼畜
鸡	鬼畜调教
鸡	ikun
蔡徐坤	生活
蔡徐坤	搞笑
蔡徐坤	篮球
蔡徐坤	偶像练习生
蔡徐坤	鸡你太美
坤坤	蔡徐坤
坤坤	奥特曼
坤坤	特摄
坤坤	鬼畜
坤坤	搞笑
坤坤	鬼畜
坤坤	鬼畜剧场
坤坤	四大天王
坤坤	雪distance
坤坤	泰裤辣
坤坤	小鬼
坤坤	特效向
坤坤	鬼畜剧
坤坤	鸡你太美
蔡徐坤	生活
蔡徐坤	搞笑
蔡徐坤	篮球
蔡徐坤	偶像练习生
蔡徐坤	鸡你太美
坤坤	生活
坤坤	搞笑
生活	春日迷影电影院
生活	美国电影
生活	电影解说
生活	影视
生活	影视杂谈
生活	电影
生活	亲情
生活	励志
生活	白日梦想家
生活	影娱新春游园会
坤坤	鬼畜星探企划
坤坤	蔡徐坤
坤坤	鬼畜调教
坤坤	鬼畜
坤坤	搞笑
坤坤	鬼畜
坤坤	鬼畜剧场
坤坤	高能
坤坤	坤哥
坤坤	魔性
坤坤	ikun
鬼畜星探企划	搞笑
鬼畜星探企划	鬼畜
鬼畜星探企划	鬼畜剧场
鬼畜星探企划	鸡你太美
鬼畜星探企划	鬼畜小赏
坤坤	人力VOCALOID
坤坤	蔡徐坤
坤坤	鬼畜调教
坤坤	鬼畜
坤坤	搞笑
坤坤	鬼畜
坤坤	鬼畜调教
坤坤	蜜汁带感
坤坤	只因你太美
坤坤	鸡你太美
人力VOCALOID	鬼畜
人力VOCALOID	知识
人力VOCALOID	社科·法律·心理
人力VOCALOID	音mad
人力VOCALOID	鬼畜研究
人力VOCALOID	人力vocaloid
坤坤	搞笑新星训练营
坤坤	蔡徐坤
坤坤	生活
坤坤	搞笑
坤坤	大型纪录片
坤坤	昊京
坤坤	ikun
坤坤	鸡你太美
坤坤	2022搞笑年度盛典
搞笑新星训练营	搞笑
搞笑新星训练营	必剪创作
搞笑新星训练营	生活
搞笑新星训练营	搞笑
搞笑新星训练营	奇葩
搞笑新星训练营	高能
搞笑新星训练营	娱乐
搞笑新星训练营	记录
搞笑新星训练营	名场面
搞笑新星训练营	搞笑新星训练营11.0
ikun	鬼畜星探企划
ikun	S.H.E
ikun	蔡徐坤
ikun	翻唱
ikun	搞笑
ikun	音乐
ikun	翻唱
ikun	高能
ikun	歌曲
ikun	坤坤
ikun	鸡你太美
鬼畜星探企划	搞笑
鬼畜星探企划	鬼畜
鬼畜星探企划	鬼畜剧场
鬼畜星探企划	鸡你太美
鬼畜星探企划	鬼畜小赏
ikun	搞笑新星训练营
ikun	荔枝
ikun	蔡徐坤
ikun	宅舞
ikun	鬼畜
ikun	萌宠
ikun	生活
ikun	搞笑
ikun	舞蹈
ikun	原坤
ikun	沙雕
ikun	整活
ikun	鸡你太美
ikun	打卡挑战
ikun	搞笑新星训练营7.0
搞笑新星训练营	搞笑
搞笑新星训练营	必剪创作
搞笑新星训练营	生活
搞笑新星训练营	搞笑
搞笑新星训练营	高能
搞笑新星训练营	娱乐
搞笑新星训练营	奇葩
搞笑新星训练营	名场面
搞笑新星训练营	记录
搞笑新星训练营	搞笑新星训练营11.0
ikun	蔡徐坤
ikun	生活
ikun	搞笑
ikun	IKUN
ikun	鸡你太美
蔡徐坤	生活
蔡徐坤	搞笑
蔡徐坤	篮球
蔡徐坤	偶像练习生
蔡徐坤	鸡你太美
ikun	鬼畜星探企划
ikun	陈奕迅
ikun	鬼畜
ikun	鬼畜
ikun	鬼畜调教
ikun	高能
ikun	鬼畜素材
ikun	歌曲
ikun	专属
ikun	IKUN
ikun	鸡你太美
鬼畜星探企划	搞笑
鬼畜星探企划	鬼畜
鬼畜星探企划	鬼畜剧场
鬼畜星探企划	鸡你太美
鬼畜星探企划	鬼畜小赏
ikun	动画短片群星计划
ikun	蔡徐坤
ikun	生活
ikun	搞笑
ikun	二次元
ikun	治愈
ikun	新人
ikun	鸡哥
ikun	铁山靠
ikun	只因
ikun	动画嘉年华2023·灼夜花火
动画短片群星计划	科幻
动画短片群星计划	动画
动画短片群星计划	短片·手书·配音
动画短片群星计划	外星人
动画短片群星计划	社会
动画短片群星计划	原创动画
动画短片群星计划	惊悚
动画短片群星计划	自制动画
动画短片群星计划	石器时代
动画短片群星计划	编剧
动画短片群星计划	人类学
动画短片群星计划	动画短片群星计划 第七期
鸡你太美	蔡徐坤
鸡你太美	翻唱
鸡你太美	音乐
鸡你太美	翻唱
鸡你太美	ikun
蔡徐坤	生活
蔡徐坤	搞笑
蔡徐坤	篮球
蔡徐坤	偶像练习生
蔡徐坤	鸡你太美
鸡你太美	11月美食碎片打卡
鸡你太美	美食
鸡你太美	美食
鸡你太美	美食制作
鸡你太美	美食制作
鸡你太美	居家
鸡你太美	ikun
鸡你太美	下厨挑战计划
11月美食碎片打卡	家常菜
11月美食碎片打卡	美食
11月美食碎片打卡	美食
11月美食碎片打卡	美食记录
11月美食碎片打卡	下饭
11月美食碎片打卡	食谱
11月美食碎片打卡	干饭人
11月美食碎片打卡	打工人晚餐
11月美食碎片打卡	下厨挑战计划
鸡你太美	生活
鸡你太美	搞笑
鸡你太美	枪弹轨迹
鸡你太美	哦呼w
鸡你太美	才疏学浅的才浅
鸡你太美	鬼畜区
鸡你太美	六道
鸡你太美	鬼畜素材区
生活	春日迷影电影院
生活	美国电影
生活	电影解说
生活	影视
生活	影视杂谈
生活	电影
生活	励志
生活	亲情
生活	白日梦想家
生活	影娱新春游园会
鸡你太美	万物皆可游戏
鸡你太美	搞笑
鸡你太美	游戏
鸡你太美	单机游戏
鸡你太美	单机
鸡你太美	坑爹
鸡你太美	I Wanna
万物皆可游戏	沙雕游戏
万物皆可游戏	植物大战僵尸
万物皆可游戏	搞笑
万物皆可游戏	单机游戏
万物皆可游戏	游戏
万物皆可游戏	单机游戏
万物皆可游戏	PVZ
万物皆可游戏	娱乐
万物皆可游戏	游戏
万物皆可游戏	植物大战戴夫
万物皆可游戏	魔改
鸡你太美	切磋亿下！
鸡你太美	蔡徐坤
鸡你太美	手办模玩
鸡你太美	鬼畜
鸡你太美	玩具
鸡你太美	手工
鸡你太美	搞笑
鸡你太美	生活
鸡你太美	手工
鸡你太美	创意
鸡你太美	魔性
鸡你太美	坤坤
鸡你太美	切磋亿下
切磋亿下！	绘画
切磋亿下！	手工
切磋亿下！	生活
切磋亿下！	手工
切磋亿下！	高能
切磋亿下！	艺术
切磋亿下！	以艺会友，切磋亿下
切磋亿下！	神仙打架
切磋亿下！	切磋亿下
知识	社会洞察计划
知识	冷知识
知识	高考
知识	人文
知识	科普
知识	搞笑
知识	社科·法律·心理
知识	趣闻
知识	星海计划
知识	学习
知识	干货
知识	大力王
知识	心理学知识
社会洞察计划	公益
社会洞察计划	知识
社会洞察计划	社科·法律·心理
社会洞察计划	星海计划
社会洞察计划	学习
社会洞察计划	教育
社会洞察计划	社会
社会洞察计划	公平
社会洞察计划	大学生
社会洞察计划	寒门子弟
社会洞察计划	公益
社会洞察计划	知识
社会洞察计划	社科·法律·心理
社会洞察计划	星海计划
社会洞察计划	社会
社会洞察计划	教育
社会洞察计划	学习
社会洞察计划	公平
社会洞察计划	大学生
社会洞察计划	寒门子弟
社会洞察计划	美国
社会洞察计划	历史
社会洞察计划	人文
社会洞察计划	知识
社会洞察计划	人文历史
社会洞察计划	星海计划
社会洞察计划	传统文化
社会洞察计划	八字
社会洞察计划	现代文明
社会洞察计划	社会学
社会洞察计划	命理
社会洞察计划	阴阳五行
社会洞察计划	公益
社会洞察计划	知识
社会洞察计划	社科·法律·心理
社会洞察计划	星海计划
社会洞察计划	学习
社会洞察计划	社会
社会洞察计划	教育
社会洞察计划	大学生
社会洞察计划	公平
社会洞察计划	寒门子弟
社会洞察计划	人文
社会洞察计划	必剪创作
社会洞察计划	知识
社会洞察计划	人文历史
社会洞察计划	星海计划
社会洞察计划	教育
社会洞察计划	人生
社会洞察计划	故事
社会洞察计划	道理
社会洞察计划	长大后
社会洞察计划	公益
社会洞察计划	知识
社会洞察计划	社科·法律·心理
社会洞察计划	星海计划
社会洞察计划	教育
社会洞察计划	学习
社会洞察计划	社会
社会洞察计划	公平
社会洞察计划	大学生
社会洞察计划	寒门子弟
社会洞察计划	人文
社会洞察计划	知识
社会洞察计划	社科·法律·心理
社会洞察计划	星海计划
社会洞察计划	社会
社会洞察计划	广东
社会洞察计划	中国
社会洞察计划	黑人
社会洞察计划	广州黑人
社会洞察计划	广州
社会洞察计划	叫嚣
社会洞察计划	公益
社会洞察计划	知识
社会洞察计划	社科·法律·心理
社会洞察计划	星海计划
社会洞察计划	社会
社会洞察计划	学习
社会洞察计划	教育
社会洞察计划	公平
社会洞察计划	大学生
社会洞察计划	寒门子弟
社会洞察计划	人文
社会洞察计划	知识
社会洞察计划	人文历史
社会洞察计划	社会
社会洞察计划	人物
社会洞察计划	原创
社会洞察计划	热点
社会洞察计划	富豪
人文	用知识过好新的一年
人文	考试
人文	知识
人文	校园学习
人文	学习
人文	纪录片
人文	作文
人文	寒假
人文	高中
人文	语文
人文	作文素材
人文	我在B站跨年
冷知识	动物观察局
冷知识	科普
冷知识	动物圈
冷知识	动物二创
冷知识	趣闻
冷知识	猴子
冷知识	猴干
冷知识	母猴
冷知识	灵长类
冷知识	动物观察局21.0 小动物集合啦
动物观察局	动物世界
动物观察局	喵星人
动物观察局	萌宠
动物观察局	动物圈
动物观察局	喵星人
动物观察局	可爱
动物观察局	小奶猫
动物观察局	观察动物
动物观察局	动物观察局21.0 小动物集合啦
冷知识	正经的知识又增加了
冷知识	科学
冷知识	美食
冷知识	科普
冷知识	知识
冷知识	科学科普
冷知识	趣闻
冷知识	食品
冷知识	涨知识
冷知识	虾丸
冷知识	蟹肉棒
冷知识	2023科学很可爱
正经的知识又增加了	冷知识
正经的知识又增加了	宇宙
正经的知识又增加了	生物
正经的知识又增加了	科普
正经的知识又增加了	知识
正经的知识又增加了	科学科普
正经的知识又增加了	趣闻
正经的知识又增加了	猎奇
正经的知识又增加了	实验
正经的知识又增加了	小技巧
正经的知识又增加了	有趣
正经的知识又增加了	生命
正经的知识又增加了	自然
冷知识	社会洞察计划
冷知识	科学
冷知识	科普
冷知识	知识
冷知识	社科·法律·心理
冷知识	游戏
冷知识	血条
冷知识	玩家
冷知识	怪物
冷知识	害怕
社会洞察计划	公益
社会洞察计划	知识
社会洞察计划	社科·法律·心理
社会洞察计划	星海计划
社会洞察计划	教育
社会洞察计划	社会
社会洞察计划	学习
社会洞察计划	大学生
社会洞察计划	公平
社会洞察计划	寒门子弟
冷知识	万物研究所
冷知识	炸鸡
冷知识	美国
冷知识	知识
冷知识	人文历史
冷知识	趣闻
冷知识	万物研究所·第十期
冷知识	黑人
冷知识	美国南北战争
冷知识	奴隶制
冷知识	黑奴
万物研究所	生物
万物研究所	科学
万物研究所	科普
万物研究所	知识
万物研究所	科学科普
万物研究所	自然
万物研究所	万物研究所·第十期
万物研究所	鉴定
冷知识	万物研究所
冷知识	美国
冷知识	知识
冷知识	科学科普
冷知识	中国
冷知识	万物研究所·第十期
冷知识	空姐
冷知识	漂亮
冷知识	年轻
万物研究所	生物
万物研究所	科学
万物研究所	科普
万物研究所	知识
万物研究所	科学科普
万物研究所	自然
万物研究所	万物研究所·第十期
万物研究所	鉴定
高考	毕业季
高考	动画
高考	短片·手书·配音
高考	青春
高考	情感
高考	日常
高考	生活
高考	原创动画
高考	杂乱无章
毕业季	乐评盘点
毕业季	高考
毕业季	音乐
毕业季	乐评盘点
毕业季	2020毕业季
毕业季	MV
毕业季	毕业歌曲
毕业季	大学毕业
毕业季	干杯
毕业季	入海
毕业季	北京东路的日子
毕业季	亲爱的旅人啊
高考	影视剪辑
高考	影视
高考	影视剪辑
高考	高考加油
高考	励志
高考	高三
高考	青春
高考	燃
高考	校园
高考	热血
高考	剪辑
高考	毕业季
高考	动画
高考	短片·手书·配音
高考	原创动画
高考	生活
高考	青春
高考	情感
高考	日常
高考	杂乱无章
高考	2022高考加油
高考	必剪创作
高考	知识
高考	校园学习
高考	高三
高考	学习
高考	2022高考季
高考	经验分享
2022高考加油	生活
2022高考加油	日常
2022高考加油	全明星
2022高考加油	2022高考季
2022高考加油	高考季
高考	2022高考季
高考	知识
高考	校园学习
高考	干货
高考	高中
高考	经验分享
高考	学习心得
2022高考季	原创歌曲
2022高考季	高考
2022高考季	音乐
2022高考季	原创音乐
2022高考季	女声
2022高考季	校园
2022高考季	原创
2022高考季	音乐
2022高考季	治愈向
高考	一起上岸吧
高考	知识
高考	校园学习
高考	学习
高考	高三
高考	经验分享
高考	紧张
高考	高中
高考	紧张刺激
高考	学习心得
高考	一起上岸吧！
一起上岸吧	校园唠嗑会
一起上岸吧	高考
一起上岸吧	考研
一起上岸吧	知识
一起上岸吧	校园学习
一起上岸吧	知识
一起上岸吧	学习
一起上岸吧	大学生
一起上岸吧	搭子
一起上岸吧	校园学习
人文	用知识过好新的一年
人文	考试
人文	知识
人文	校园学习
人文	学习
人文	纪录片
人文	语文
人文	寒假
人文	作文
人文	高中
人文	作文素材
人文	我在B站跨年
用知识过好新的一年	高考
用知识过好新的一年	知识
用知识过好新的一年	校园学习
用知识过好新的一年	啊对对对
用知识过好新的一年	衡水体汉字
用知识过好新的一年	作文
用知识过好新的一年	规范
用知识过好新的一年	经验分享
用知识过好新的一年	114514
用知识过好新的一年	衡水中学
用知识过好新的一年	只因
用知识过好新的一年	我在B站跨年
人文	历史
人文	知识
人文	人文历史
人文	文化
人文	中国
人文	人文历史
人文	校园学习
历史	国家宝藏
历史	影视混剪
历史	影视剪辑
历史	影视
历史	影视剪辑
历史	中国
历史	中国历史年表
历史	历史的拐点
历史	震撼
历史	剪辑
历史	战争
历史	混剪
人文	文学
人文	历史
人文	知识
人文	人文历史
人文	人物
人文	读书
人文	鲁迅
文学	历史
文学	公开课
文学	人文
文学	知识
文学	人文历史
文学	国学
人文	2023高考季
人文	高考地理
人文	地理
人文	科普
人文	知识
人文	校园学习
人文	地理学习技巧
人文	进击的地理
人文	人文地理选择题
人文	地理常
人文	高中地理
人文	地理学习方法
2023高考季	生活
2023高考季	日常
2023高考季	高三
2023高考季	校园
2023高考季	记录
2023高考季	高中
2023高考季	2023年高考倒计时
人文	英语学习
人文	英语
人文	动画
人文	综合
人文	百科
人文	动画
人文	英文
人文	人文历史
人文	TedED
人文	科普视频
人文	英语启蒙
人文	英文动画
英语学习	学习帮帮团
英语学习	英语语法
英语学习	高考
英语学习	考研
英语学习	英语
英语学习	考试
英语学习	公开课
英语学习	知识
英语学习	校园学习
英语学习	语法
英语学习	四六级
科普	宇宙
科普	历史
科普	人文
科普	影视
科普	影视杂谈
科普	影视指南官
科普	社会
科普	纪录片
科普	自我提升
科普	打卡挑战
科普	影娱哔哔官
宇宙	天文
宇宙	科学
宇宙	科普
宇宙	知识
宇宙	科学科普
宇宙	太空
宇宙	星系
宇宙	探索
宇宙	光速
科普	社会观察局
科普	心理学
科普	知识
科普	社科·法律·心理
科普	校园
科普	学习
科普	动力
科普	自律
科普	多巴胺
科普	戒瘾
科普	科学科普
科普	内耗
科普	社科人文分享官·第二期
社会观察局	说说心理话
社会观察局	心理学
社会观察局	知识
社会观察局	社科·法律·心理
社会观察局	读书
社会观察局	学习
社会观察局	自制
社会观察局	原创
社会观察局	心理
社会观察局	社会
科普	社会观察局
科普	职场
科普	知识
科普	社科·法律·心理
科普	心理
科普	学习
科普	沟通
科普	人际关系
科普	社交
科普	成熟
科普	科学科普
科普	内心强大
社会观察局	说说心理话
社会观察局	心理学
社会观察局	知识
社会观察局	社科·法律·心理
社会观察局	原创
社会观察局	读书
社会观察局	自制
社会观察局	学习
社会观察局	社会
社会观察局	心理
科普	ChatGPT研究所
科普	计算机
科普	人工智能
科普	科学
科普	知识
科普	科学科普
科普	知识
科普	原理
科普	科技
科普	AI
科普	数学
科普	万物研究所·第十期
ChatGPT研究所	人工智能
ChatGPT研究所	知识
ChatGPT研究所	校园学习
ChatGPT研究所	AI
ChatGPT研究所	科技
ChatGPT研究所	学习
ChatGPT研究所	ChatGPT
ChatGPT研究所	生产力
ChatGPT研究所	GPT
ChatGPT研究所	AI技能
ChatGPT研究所	AIGC
ChatGPT研究所	2023科学很可爱
科普	万物研究所
科普	三体
科普	科学
科普	知识
科普	科学科普
科普	物理
科普	知识
科普	科技
科普	工作原理
科普	芯片
科普	人列计算机
科普	万物研究所·第八期
万物研究所	生物
万物研究所	科学
万物研究所	科普
万物研究所	知识
万物研究所	科学科普
万物研究所	自然
万物研究所	万物研究所·第十期
万物研究所	鉴定
搞笑	搞笑研究所
搞笑	是在下输了
搞笑	万恶之源
搞笑	生活
搞笑	搞笑研究所8.0
搞笑	名场面
搞笑	监控
搞笑研究所	搞笑
搞笑研究所	生活
搞笑研究所	搞笑
搞笑研究所	娱乐
搞笑研究所	高能
搞笑研究所	原创
搞笑研究所	魔性
搞笑研究所	逗比
搞笑研究所	吐槽
搞笑研究所	搞笑研究所6.0
搞笑研究所	挑战
搞笑研究所	沙雕
搞笑	生活
搞笑	娱乐
搞笑	段子
搞笑	名场面
搞笑	搞笑研究所
搞笑	是在下输了
搞笑	万恶之源
搞笑	生活
搞笑	搞笑研究所8.0
搞笑	名场面
搞笑	监控
搞笑	娱乐
搞笑	娱乐杂谈
搞笑	谭谈交通
搞笑	爆笑
搞笑	名场面
搞笑	爆笑名场面
搞笑	搞笑研究所
搞笑	是在下输了
搞笑	万恶之源
搞笑	生活
搞笑	搞笑研究所8.0
搞笑	名场面
搞笑	监控
搞笑	搞笑研究所
搞笑	配音
搞笑	生活
搞笑	逗比
搞笑	搞笑集锦
搞笑	生活
搞笑	奇葩
搞笑	娱乐
搞笑	搞笑研究所9.0
搞笑	笑死人不偿命
搞笑	沙雕视频
搞笑研究所	搞笑
搞笑研究所	生活
搞笑研究所	搞笑
搞笑研究所	魔性
搞笑研究所	高能
搞笑研究所	原创
搞笑研究所	逗比
搞笑研究所	娱乐
搞笑研究所	吐槽
搞笑研究所	搞笑研究所6.0
搞笑研究所	挑战
搞笑研究所	沙雕
搞笑	搞笑研究所
搞笑	配音
搞笑	生活
搞笑	同人配音
搞笑	逗比
搞笑	奇葩
搞笑	生活
搞笑	搞笑集锦
搞笑	娱乐
搞笑	恶搞配音
搞笑	搞笑研究所9.0
搞笑	笑死人不偿命
搞笑	沙雕视频
搞笑研究所	搞笑
搞笑研究所	生活
搞笑研究所	搞笑
搞笑研究所	逗比
搞笑研究所	高能
搞笑研究所	魔性
搞笑研究所	娱乐
搞笑研究所	原创
搞笑研究所	吐槽
搞笑研究所	搞笑研究所6.0
搞笑研究所	挑战
搞笑研究所	沙雕
知识	社会洞察计划
知识	冷知识
知识	高考
知识	人文
知识	科普
知识	搞笑
知识	社科·法律·心理
知识	趣闻
知识	星海计划
知识	学习
知识	干货
知识	大力王
知识	心理学知识
社会洞察计划	公益
社会洞察计划	知识
社会洞察计划	社科·法律·心理
社会洞察计划	星海计划
社会洞察计划	社会
社会洞察计划	学习
社会洞察计划	教育
社会洞察计划	公平
社会洞察计划	大学生
社会洞察计划	寒门子弟
知识	冷知识
知识	科普
知识	生活
知识	日常
知识	趣闻
知识	伪常识
知识	伪知识
知识	辟谣
知识	颠覆
知识	谣言
知识	好奇心计划
知识	常识
冷知识	动物观察局
冷知识	科普
冷知识	动物圈
冷知识	动物二创
冷知识	趣闻
冷知识	猴子
冷知识	猴干
冷知识	母猴
冷知识	灵长类
冷知识	动物观察局21.0 小动物集合啦
知识	学习帮帮团
知识	高考
知识	校园学习
知识	大学
知识	教育
知识	学习
知识	背书
知识	经验分享
知识	学习心得
学习帮帮团	高考
学习帮帮团	英语
学习帮帮团	考试
学习帮帮团	知识
学习帮帮团	校园学习
学习帮帮团	学习
学习帮帮团	教育
学习帮帮团	大学
学习帮帮团	物理
学习帮帮团	数学
学习帮帮团	高中
知识	英语听力
知识	英语口语
知识	英语学习
知识	英语
知识	校园学习
知识	学习
英语听力	英语口语
英语听力	英语学习
英语听力	英语
英语听力	知识
英语听力	校园学习
英语听力	学习
知识	我们都爱搞学习
知识	生物
知识	高考
知识	校园学习
知识	经验分享
知识	高中生物
知识	复习
知识	高中
知识	学习心得
知识	我们都爱搞学习·第二期
我们都爱搞学习	高考
我们都爱搞学习	考试
我们都爱搞学习	知识
我们都爱搞学习	校园学习
我们都爱搞学习	大学
我们都爱搞学习	校园
我们都爱搞学习	学习
我们都爱搞学习	经验分享
我们都爱搞学习	学生党
我们都爱搞学习	摆烂
我们都爱搞学习	学习心得
我们都爱搞学习	我们都爱搞学习·第二期
社科·法律·心理	哲学
社科·法律·心理	生活
社科·法律·心理	日常
社科·法律·心理	学习
社科·法律·心理	知识
社科·法律·心理	大全
社科·法律·心理	指南
社科·法律·心理	黑格尔
社科·法律·心理	up
哲学	英语
哲学	公开课
哲学	知识
哲学	校园学习
哲学	学习
哲学	耶鲁大学
社科·法律·心理	课堂教育
社科·法律·心理	心理学
社科·法律·心理	考研
社科·法律·心理	考试
社科·法律·心理	公开课
社科·法律·心理	人文
社科·法律·心理	知识
社科·法律·心理	刘福清
社科·法律·心理	犯罪心理学
社科·法律·心理	中国政法大学
课堂教育	知识分享官
课堂教育	教育学
课堂教育	考试
课堂教育	公开课
课堂教育	知识
课堂教育	校园学习
课堂教育	教育
课堂教育	学习
课堂教育	线上课堂
课堂教育	教师资格证
课堂教育	教师招聘
课堂教育	教师编
社科·法律·心理	知识
社科·法律·心理	心理
社科·法律·心理	学习
知识	社会洞察计划
知识	冷知识
知识	高考
知识	人文
知识	科普
知识	搞笑
知识	社科·法律·心理
知识	趣闻
知识	星海计划
知识	学习
知识	干货
知识	大力王
知识	心理学知识
社科·法律·心理	哲学
社科·法律·心理	心理学
社科·法律·心理	知识
社科·法律·心理	爱情
社科·法律·心理	教育
社科·法律·心理	人生
社科·法律·心理	幸福
社科·法律·心理	陈果
社科·法律·心理	思想
社科·法律·心理	校园学习
哲学	英语
哲学	公开课
哲学	知识
哲学	校园学习
哲学	学习
哲学	耶鲁大学
社科·法律·心理	教育学
社科·法律·心理	心理学
社科·法律·心理	知识
社科·法律·心理	情感
社科·法律·心理	教育
社科·法律·心理	知识
社科·法律·心理	心理
社科·法律·心理	李玫瑾
社科·法律·心理	家庭教育
社科·法律·心理	青少年
教育学	知识分享官
教育学	考试
教育学	公开课
教育学	知识
教育学	校园学习
教育学	学习
教育学	教育
教育学	线上课堂
教育学	教师资格证
教育学	教师招聘
教育学	教师编
趣闻	原神UP主激励计划
趣闻	原神
趣闻	游戏
趣闻	手机游戏
趣闻	手机游戏
